#VRML V2.0 utf8
# 3D model generated by easyeda2kicad.py (https://github.com/uPesy/easyeda2kicad.py)

Shape{
    appearance Appearance {
        material  Material 	{
            diffuseColor 0.6470588235294118 0.6196078431372549 0.5882352941176471
            specularColor 0.45098039215686275 0.43529411764705883 0.4117647058823529
            ambientIntensity 0.6242
            transparency 0.0
            shininess 0.5
        }
    }
    geometry IndexedFaceSet {
        ccw TRUE
        solid FALSE
        coord DEF co Coordinate {
            point [
                -2.3031 -2.0669 0.9843, -2.3031 -2.0669 1.689, -2.3031 -1.7323 0.9843, -2.3031 -1.7323 1.689, -2.3031 2.2638 1.689, -2.3031 2.2638 0.9843, -2.3031 1.9291 1.689, -2.3031 1.9291 0.9843, -2.2165 -1.7323 1.689, -2.1063 -2.2638 1.689, 2.3031 -1.7323 1.689, 2.2165 -1.7323 1.689, 2.3031 -2.0669 1.689, 2.1063 -2.2638 1.689, 2.2964 -2.1179 1.689, 2.1063 2.4606 1.689, 2.2165 1.9291 1.689, 2.3031 1.9291 1.689, -2.2768 -2.1654 1.689, -2.2455 -2.2061 1.689, -2.2047 -2.2374 1.689, 2.1572 -2.2571 1.689, 2.2047 -2.2374 1.689, 2.2455 -2.2061 1.689, -2.2964 -2.1179 1.689, -2.1572 -2.2571 1.689, 2.2768 -2.1654 1.689, -2.2165 1.9291 1.689, -2.1063 2.4606 1.689, 2.2455 2.403 1.689, 2.2047 2.4343 1.689, 2.1572 2.4539 1.689, -2.2047 2.4343 1.689, -2.2455 2.403 1.689, -2.2768 2.3622 1.689, -2.1572 2.4539 1.689, -2.2964 2.3147 1.689, 2.3031 2.2638 1.689, 2.2964 2.3147 1.689, 2.2768 2.3622 1.689, 2.2165 -1.7323 0.9843, 2.3031 -1.7323 0.9843, 2.1063 -2.2638 0.9843, 2.3031 -2.0669 0.9843, 2.2964 -2.1179 0.9843, -2.2165 -1.7323 0.9843, -2.1063 -2.2638 0.9843, -2.2047 -2.2374 0.9843, -2.2455 -2.2061 0.9843, -2.2768 -2.1654 0.9843, -2.2165 1.9291 0.9843, -2.1063 2.4606 0.9843, -2.1572 2.4539 0.9843, -2.2768 2.3622 0.9843, -2.2455 2.403 0.9843, -2.2047 2.4343 0.9843, 2.2768 -2.1654 0.9843, 2.2455 -2.2061 0.9843, 2.1572 -2.2571 0.9843, 2.2047 -2.2374 0.9843, -2.1572 -2.2571 0.9843, -2.2964 -2.1179 0.9843, 2.3031 1.9291 0.9843, 2.2165 1.9291 0.9843, 2.3031 2.2638 0.9843, 2.1063 2.4606 0.9843, 2.1572 2.4539 0.9843, -2.2964 2.3147 0.9843, 2.2047 2.4343 0.9843, 2.2455 2.403 0.9843, 2.2768 2.3622 0.9843, 2.2964 2.3147 0.9843
            ]
        }
        coordIndex [
            0,1,2,-1,2,1,3,-1,4,5,6,-1,6,5,7,-1,8,3,9,-1,9,3,1,-1,10,11,12,-1,12,11,13,-1,12,13,14,-1,15,16,17,-1,18,19,20,-1,21,22,23,-1,1,24,9,-1,9,24,18,-1,9,18,25,-1,25,18,20,-1,21,23,13,-1,13,23,26,-1,13,26,14,-1,6,27,4,-1,4,27,28,-1,29,30,31,-1,32,33,34,-1,15,28,16,-1,16,28,27,-1,16,27,11,-1,11,27,8,-1,11,8,13,-1,13,8,9,-1,28,35,4,-1,4,35,32,-1,4,32,36,-1,36,32,34,-1,17,37,15,-1,15,37,38,-1,15,38,31,-1,31,38,39,-1,31,39,29,-1,40,41,42,-1,42,41,43,-1,42,43,44,-1,2,45,0,-1,0,45,46,-1,47,48,49,-1,50,7,51,-1,51,7,5,-1,51,5,52,-1,53,54,55,-1,44,56,42,-1,42,56,57,-1,42,57,58,-1,58,57,59,-1,46,60,0,-1,0,60,47,-1,0,47,61,-1,61,47,49,-1,62,63,64,-1,64,63,65,-1,64,65,66,-1,42,46,40,-1,40,46,45,-1,40,45,63,-1,63,45,50,-1,63,50,65,-1,65,50,51,-1,52,5,55,-1,55,5,67,-1,55,67,53,-1,66,68,69,-1,69,70,66,-1,66,70,71,-1,66,71,64,-1,62,64,17,-1,17,64,37,-1,1,0,61,-1,1,61,24,-1,24,61,49,-1,24,49,18,-1,18,49,48,-1,18,48,19,-1,19,48,47,-1,19,47,20,-1,20,47,60,-1,20,60,25,-1,25,60,46,-1,25,46,9,-1,13,9,42,-1,42,9,46,-1,13,42,58,-1,13,58,21,-1,21,58,59,-1,21,59,22,-1,22,59,57,-1,22,57,23,-1,23,57,56,-1,23,56,26,-1,26,56,44,-1,26,44,14,-1,14,44,43,-1,14,43,12,-1,10,12,41,-1,41,12,43,-1,37,64,71,-1,37,71,38,-1,38,71,70,-1,38,70,39,-1,39,70,69,-1,39,69,29,-1,29,69,68,-1,29,68,30,-1,30,68,66,-1,30,66,31,-1,31,66,65,-1,31,65,15,-1,28,15,51,-1,51,15,65,-1,28,51,52,-1,28,52,35,-1,35,52,55,-1,35,55,32,-1,32,55,54,-1,32,54,33,-1,33,54,53,-1,33,53,34,-1,34,53,67,-1,34,67,36,-1,36,67,5,-1,36,5,4,-1,63,62,16,-1,16,62,17,-1,41,40,10,-1,10,40,11,-1,63,16,40,-1,40,16,11,-1,2,3,45,-1,45,3,8,-1,50,27,7,-1,7,27,6,-1,45,8,50,-1,50,8,27,-1,
        ]
    }
}
Shape{
    appearance Appearance {
        material  Material 	{
            diffuseColor 0.7764705882352941 0.7568627450980392 0.7372549019607844
            specularColor 0.38823529411764707 0.3764705882352941 0.3686274509803922
            ambientIntensity 0.7605
            transparency 0.0
            shininess 0.5
        }
    }
    geometry IndexedFaceSet {
        ccw TRUE
        solid FALSE
        coord DEF co Coordinate {
            point [
                -0.458 -1.5109 1.7717, -0.6759 -1.4322 1.7717, -2.0669 -2.0276 1.7717, 1.069 -1.1888 1.7717, 0.8809 -1.3241 1.7717, 2.0669 -2.0276 1.7717, 0.6759 -1.4322 1.7717, 0.458 -1.5109 1.7717, 2.0975 -2.0235 1.7717, 2.126 -2.0117 1.7717, 2.1504 -1.993 1.7717, 2.2047 -0.4331 1.7717, 1.5866 -0.4331 1.7717, 2.2047 -1.7126 1.7717, 1.4979 -0.6472 1.7717, 2.185 -1.7126 1.7717, 1.3805 -0.847 1.7717, 2.185 -1.9094 1.7717, 1.2366 -1.0287 1.7717, 2.181 -1.94 1.7717, 2.1692 -1.9685 1.7717, 0.2312 -1.5588 1.7717, 0.0 -1.5748 1.7717, -0.2312 -1.5588 1.7717, -1.5866 -0.4331 1.7717, -2.2047 -0.4331 1.7717, -1.4979 -0.6472 1.7717, -2.2047 -1.7126 1.7717, -1.3805 -0.847 1.7717, -2.185 -1.7126 1.7717, -1.2366 -1.0287 1.7717, -2.185 -1.9094 1.7717, -1.069 -1.1888 1.7717, -2.181 -1.94 1.7717, -2.1692 -1.9685 1.7717, -2.1504 -1.993 1.7717, -2.126 -2.0117 1.7717, -0.8809 -1.3241 1.7717, -2.0975 -2.0235 1.7717, -2.185 -1.7126 1.6929, -2.2047 -1.7126 1.6929, -2.2047 -0.9882 1.6929, 2.2047 -1.7126 1.6929, 2.185 -1.7126 1.6929, 2.2047 -0.9882 1.6929, 1.4979 -0.6472 1.6929, 2.2047 -0.4331 1.6929, 1.5866 -0.4331 1.6929, -0.8809 -1.3241 1.6929, -0.6759 -1.4322 1.6929, -2.0669 -2.0276 1.6929, -0.458 -1.5109 1.6929, 2.0669 -2.0276 1.6929, 0.458 -1.5109 1.6929, 0.6759 -1.4322 1.6929, -0.2312 -1.5588 1.6929, 0.0 -1.5748 1.6929, 0.2312 -1.5588 1.6929, 2.181 -1.94 1.6929, 1.069 -1.1888 1.6929, 2.185 -1.9094 1.6929, 1.2366 -1.0287 1.6929, 1.3805 -0.847 1.6929, 2.1692 -1.9685 1.6929, 2.1504 -1.993 1.6929, 2.126 -2.0117 1.6929, 0.8809 -1.3241 1.6929, 2.0975 -2.0235 1.6929, -2.0975 -2.0235 1.6929, -1.2366 -1.0287 1.6929, -1.069 -1.1888 1.6929, -2.126 -2.0117 1.6929, -2.1504 -1.993 1.6929, -2.1692 -1.9685 1.6929, -2.2047 -0.4331 1.6929, -1.5866 -0.4331 1.6929, -1.4979 -0.6472 1.6929, -1.3805 -0.847 1.6929, -2.185 -1.9094 1.6929, -2.181 -1.94 1.6929, 2.2244 -1.1811 0.3937, 2.2244 -1.1811 0.0787, 2.2244 -1.7126 0.0787, 2.2244 -0.4015 0.4279, 2.2244 -0.4109 0.4428, 2.2244 1.185 1.6732, 2.2244 0.6351 0.4646, 2.2244 0.6202 0.4553, 2.2244 -0.3957 0.4112, 2.2244 0.6077 0.4428, 2.2244 0.5983 0.4279, 2.2244 0.5906 0.3937, 2.2244 0.5906 -0.5295, 2.2244 -0.3937 -0.5295, 2.2244 -1.7126 1.6732, 2.2244 -1.1365 0.4646, 2.2244 -1.1515 0.4553, 2.2244 0.5925 0.4112, 2.2244 -0.3937 0.3937, 2.2244 0.4606 1.6732, 2.2244 -1.1639 0.4428, 2.2244 -1.1733 0.4279, 2.2244 -1.1791 0.4112, 2.2244 1.3702 0.4279, 2.2244 1.9094 1.6732, 2.2244 1.376 0.4112, 2.2244 1.9094 0.0787, 2.2244 1.378 0.3937, 2.2244 1.378 0.0787, 2.2244 1.3608 0.4428, 2.2244 1.3483 0.4553, 2.2244 1.3334 0.4646, 2.2244 1.3167 0.4705, 2.2244 1.2992 0.4724, 2.2244 0.6693 0.4724, 2.2244 0.6518 0.4705, 2.2244 -0.4233 0.4553, 2.2244 -0.4383 0.4646, 2.2244 -0.2638 1.6732, 2.2244 -0.4549 0.4705, 2.2244 -0.4724 0.4724, 2.2244 -0.9882 1.6732, 2.2244 -1.1024 0.4724, 2.2244 -1.1199 0.4705, -2.2244 1.378 0.3937, -2.2244 1.378 0.0787, -2.2244 1.9094 0.0787, -2.2244 -1.1639 0.4428, -2.2244 -1.1515 0.4553, -2.2244 -1.7126 1.6732, -2.2244 -1.1811 0.0787, -2.2244 -1.1811 0.3937, -2.2244 -1.7126 0.0787, -2.2244 -1.1791 0.4112, -2.2244 -1.1733 0.4279, -2.2244 -0.3937 -0.5295, -2.2244 0.5906 -0.5295, -2.2244 -0.3937 0.3937, -2.2244 0.5906 0.3937, -2.2244 -0.3957 0.4112, -2.2244 0.5925 0.4112, -2.2244 0.5983 0.4279, -2.2244 0.4606 1.6732, -2.2244 -0.2638 1.6732, -2.2244 -0.4549 0.4705, -2.2244 1.3483 0.4553, -2.2244 1.9094 1.6732, -2.2244 1.3334 0.4646, -2.2244 1.3167 0.4705, -2.2244 1.3608 0.4428, -2.2244 1.3702 0.4279, -2.2244 1.376 0.4112, -2.2244 0.6077 0.4428, -2.2244 0.6202 0.4553, -2.2244 0.6351 0.4646, -2.2244 -1.1365 0.4646, -2.2244 -1.1199 0.4705, -2.2244 -0.9882 1.6732, -2.2244 -1.1024 0.4724, -2.2244 -0.4724 0.4724, -2.2244 -0.4383 0.4646, -2.2244 -0.4233 0.4553, -2.2244 1.185 1.6732, -2.2244 -0.4109 0.4428, -2.2244 -0.4015 0.4279, -2.2244 0.6518 0.4705, -2.2244 0.6693 0.4724, -2.2244 1.2992 0.4724, 2.2244 -0.0591 -1.378, 2.2244 0.2559 -1.378, 2.3031 -0.0591 -1.378, 2.3031 0.2559 -1.378, 2.3031 -0.2894 -1.107, 2.3031 0.4862 -1.107, 2.2244 -0.3073 -1.0859, 2.2244 0.5041 -1.0859, 2.385 -0.3937 -0.8077, 2.385 0.5906 -0.8077, 2.2831 0.5906 -0.9842, 2.2831 -0.3937 -0.9842, 2.374 -0.3937 -0.9842, 2.374 0.5906 -0.9842, 2.4759 -0.3937 -0.8077, 2.4759 0.5906 -0.8077, 2.3031 -0.3937 -0.5084, 2.3031 0.5906 -0.5084, 2.3031 1.378 0.3937, 2.3031 1.378 0.1181, 2.3031 1.9094 0.1181, 2.3031 0.5983 0.4279, 2.3031 0.6077 0.4428, 2.3031 -0.3957 0.4112, 2.3031 0.6202 0.4553, 2.3031 0.6351 0.4646, 2.3031 -1.1811 0.1181, 2.3031 -1.1811 0.3937, 2.3031 -1.7126 0.1181, 2.3031 -1.1791 0.4112, 2.3031 -1.7126 1.6732, 2.3031 -1.1733 0.4279, 2.3031 -1.1639 0.4428, 2.3031 -1.1515 0.4553, 2.3031 -1.1365 0.4646, 2.3031 -1.1199 0.4705, 2.3031 -0.4383 0.4646, 2.3031 -0.4233 0.4553, 2.3031 1.9094 1.6732, 2.3031 -0.3937 0.3937, 2.3031 0.5906 0.3937, 2.3031 0.5925 0.4112, 2.3031 -0.4109 0.4428, 2.3031 -0.4015 0.4279, 2.3031 1.3483 0.4553, 2.3031 1.3334 0.4646, 2.3031 1.3167 0.4705, 2.3031 1.3608 0.4428, 2.3031 1.3702 0.4279, 2.3031 1.376 0.4112, 2.3031 -1.1024 0.4724, 2.3031 -0.4724 0.4724, 2.3031 -0.4549 0.4705, 2.3031 0.6518 0.4705, 2.3031 0.6693 0.4724, 2.3031 1.2992 0.4724, 2.2991 -1.7126 0.0875, 2.2873 -1.7126 0.0591, 1.437 -1.7126 0.0787, 1.437 -1.7126 0.0, 2.185 -1.7126 0.0, 2.2156 -1.7126 0.004, 2.2441 -1.7126 0.0158, 2.2686 -1.7126 0.0346, 2.2686 1.9094 0.0346, 2.2441 1.9094 0.0158, 1.437 1.9094 0.0, 1.437 1.9094 0.0787, 2.185 1.9094 0.0, 2.2156 1.9094 0.004, 2.2991 1.9094 0.0875, 2.2873 1.9094 0.0591, 2.185 1.9094 1.6929, 2.185 2.1063 1.6929, 2.185 1.9094 1.7717, 2.185 2.1063 1.7717, 2.181 2.1369 1.6929, 2.181 2.1369 1.7717, 2.1692 2.1654 1.6929, 2.1692 2.1654 1.7717, 2.1504 2.1898 1.6929, 2.1504 2.1898 1.7717, 2.126 2.2086 1.6929, 2.126 2.2086 1.7717, 2.0975 2.2204 1.6929, 2.0975 2.2204 1.7717, 2.0669 2.2244 1.6929, 2.0669 2.2244 1.7717, -2.0669 2.2244 1.7717, -2.0669 2.2244 1.6929, -2.0975 2.2204 1.6929, -2.0975 2.2204 1.7717, -2.126 2.2086 1.6929, -2.126 2.2086 1.7717, -2.1504 2.1898 1.6929, -2.1504 2.1898 1.7717, -2.1692 2.1654 1.6929, -2.1692 2.1654 1.7717, -2.181 2.1369 1.6929, -2.181 2.1369 1.7717, -2.185 2.1063 1.6929, -2.185 2.1063 1.7717, -2.185 1.9094 1.7717, -2.185 1.9094 1.6929, -2.2047 0.6299 1.7717, -1.5866 0.6299 1.7717, -2.2047 1.9094 1.7717, -1.4979 0.844 1.7717, -1.3805 1.0439 1.7717, -1.2366 1.2255 1.7717, -1.069 1.3856 1.7717, -0.8809 1.521 1.7717, -0.6759 1.629 1.7717, -0.458 1.7078 1.7717, 0.458 1.7078 1.7717, 0.6759 1.629 1.7717, -0.2312 1.7556 1.7717, 0.0 1.7717 1.7717, 0.2312 1.7556 1.7717, 1.2366 1.2255 1.7717, 0.8809 1.521 1.7717, 1.069 1.3856 1.7717, 1.5866 0.6299 1.7717, 2.2047 0.6299 1.7717, 1.4979 0.844 1.7717, 2.2047 1.9094 1.7717, 1.3805 1.0439 1.7717, 2.2047 1.9094 1.6929, 2.2047 1.185 1.6929, -1.4979 0.844 1.6929, -1.5866 0.6299 1.6929, -2.2047 0.6299 1.6929, -2.2047 1.185 1.6929, -2.2047 1.9094 1.6929, -1.3805 1.0439 1.6929, -1.2366 1.2255 1.6929, -0.458 1.7078 1.6929, -0.6759 1.629 1.6929, 0.458 1.7078 1.6929, 0.6759 1.629 1.6929, 0.8809 1.521 1.6929, -0.8809 1.521 1.6929, -1.069 1.3856 1.6929, 0.2312 1.7556 1.6929, 0.0 1.7717 1.6929, -0.2312 1.7556 1.6929, 1.2366 1.2255 1.6929, 1.069 1.3856 1.6929, 2.2047 0.6299 1.6929, 1.5866 0.6299 1.6929, 1.4979 0.844 1.6929, 1.3805 1.0439 1.6929, -2.2244 -0.0591 -1.378, -2.3031 -0.0591 -1.378, -2.2244 0.2559 -1.378, -2.3031 0.2559 -1.378, -2.2244 -0.3073 -1.0859, -2.2244 0.5041 -1.0859, -2.3031 -0.2894 -1.107, -2.3031 0.4862 -1.107, -2.374 0.5906 -0.9842, -2.374 -0.3937 -0.9842, -2.4759 0.5906 -0.8077, -2.4759 -0.3937 -0.8077, -2.2831 -0.3937 -0.9842, -2.2831 0.5906 -0.9842, -2.385 -0.3937 -0.8077, -2.385 0.5906 -0.8077, -2.3031 -0.3937 -0.5084, -2.3031 0.5906 -0.5084, -2.2047 0.4606 1.6929, -2.2098 0.4606 1.6922, -2.2098 -0.9882 1.6922, -2.2098 -1.7126 1.6922, -2.2146 -0.9882 1.6903, -2.2146 -1.7126 1.6903, -2.2186 -0.9882 1.6872, -2.2186 -1.7126 1.6872, -2.2218 -0.9882 1.6831, -2.2218 -1.7126 1.6831, -2.2237 -0.9882 1.6783, -2.2237 -1.7126 1.6783, -2.2047 -0.2638 1.6929, -2.2098 -0.2638 1.6922, -2.2146 -0.2638 1.6903, -2.2186 -0.2638 1.6872, -2.2218 -0.2638 1.6831, -2.2237 -0.2638 1.6783, -2.2146 0.4606 1.6903, -2.2186 0.4606 1.6872, -2.2218 0.4606 1.6831, -2.2237 0.4606 1.6783, -2.2098 1.185 1.6922, -2.2146 1.185 1.6903, -2.2186 1.185 1.6872, -2.2218 1.185 1.6831, -2.2237 1.185 1.6783, -2.2098 1.9094 1.6922, -2.2146 1.9094 1.6903, -2.2186 1.9094 1.6872, -2.2218 1.9094 1.6831, -2.2237 1.9094 1.6783, -2.2302 -1.7126 1.7683, -2.2539 -1.7126 1.7585, -2.2743 -1.7126 1.7428, -2.29 -1.7126 1.7224, -2.2998 -1.7126 1.6987, -2.3031 -1.7126 1.6732, -2.2441 -0.4331 1.7634, -2.2441 0.6299 1.7634, -2.2539 1.9094 1.7585, -2.2302 -0.4331 1.7683, -2.2302 1.9094 1.7683, -2.2302 0.6299 1.7683, -2.2743 1.9094 1.7428, -2.29 1.9094 1.7224, -2.2998 1.9094 1.6987, -2.3031 1.9094 1.6732, -2.2686 -1.7126 0.0346, -2.2441 -1.7126 0.0158, -2.3031 -1.7126 0.1181, -1.437 -1.7126 0.0, -1.437 -1.7126 0.0787, -2.185 -1.7126 0.0, -2.2156 -1.7126 0.004, -2.2991 -1.7126 0.0875, -2.2873 -1.7126 0.0591, -2.3031 -1.1811 0.3937, -2.3031 -1.1811 0.1181, -2.3031 0.5983 0.4279, -2.3031 -0.3937 0.3937, -2.3031 0.6077 0.4428, -2.3031 0.6202 0.4553, -2.3031 -0.4109 0.4428, -2.3031 -0.4233 0.4553, -2.3031 -1.1024 0.4724, -2.3031 -1.1199 0.4705, -2.3031 -1.1365 0.4646, -2.3031 -1.1515 0.4553, -2.3031 1.3702 0.4279, -2.3031 1.376 0.4112, -2.3031 1.9094 0.1181, -2.3031 1.378 0.3937, -2.3031 1.378 0.1181, -2.3031 1.3608 0.4428, -2.3031 1.3483 0.4553, -2.3031 1.3334 0.4646, -2.3031 1.3167 0.4705, -2.3031 1.2992 0.4724, -2.3031 0.6693 0.4724, -2.3031 -0.4383 0.4646, -2.3031 -0.4549 0.4705, -2.3031 -0.4724 0.4724, -2.3031 -1.1639 0.4428, -2.3031 -1.1733 0.4279, -2.3031 -1.1791 0.4112, -2.3031 0.5906 0.3937, -2.3031 0.5925 0.4112, -2.3031 -0.4015 0.4279, -2.3031 -0.3957 0.4112, -2.3031 0.6518 0.4705, -2.3031 0.6351 0.4646, -2.2991 1.9094 0.0875, -2.2873 1.9094 0.0591, -1.437 1.9094 0.0787, -1.437 1.9094 0.0, -2.185 1.9094 0.0, -2.2156 1.9094 0.004, -2.2441 1.9094 0.0158, -2.2686 1.9094 0.0346, -2.185 1.378 0.0, -1.437 1.378 0.0, -1.3635 1.3867 0.0, -1.294 1.8751 0.0, -1.2324 1.834 0.0, -1.294 1.4123 0.0, -1.1259 1.6437 0.0, -1.146 1.5724 0.0, -1.146 1.715 0.0, -1.1822 1.5078 0.0, -1.3635 1.9007 0.0, -1.1822 1.7796 0.0, -1.2324 1.4534 0.0, -2.2991 1.378 0.0875, -1.437 1.378 0.0787, -2.2156 1.378 0.004, -2.2441 1.378 0.0158, -2.2873 1.378 0.0591, -2.2686 1.378 0.0346, -1.437 -1.1811 0.0787, -1.437 -1.1811 0.0, -2.185 -1.1811 0.0, -2.2686 -1.1811 0.0346, -2.2873 -1.1811 0.0591, -2.2991 -1.1811 0.0875, -2.2156 -1.1811 0.004, -2.2441 -1.1811 0.0158, -1.2324 -1.6371 0.0, -1.294 -1.6783 0.0, -1.294 -1.2154 0.0, -1.3635 -1.1898 0.0, -1.3635 -1.7039 0.0, -1.2324 -1.2566 0.0, -1.146 -1.5181 0.0, -1.1822 -1.5827 0.0, -1.1822 -1.311 0.0, -1.146 -1.3756 0.0, -1.1259 -1.4469 0.0, 2.2302 -0.4331 1.7683, 2.2302 -1.7126 1.7683, 2.2302 0.6299 1.7683, 2.2441 0.6299 1.7634, 2.2539 1.9094 1.7585, 2.2441 -0.4331 1.7634, 2.2539 -1.7126 1.7585, 2.2302 1.9094 1.7683, 2.2743 -1.7126 1.7428, 2.2743 1.9094 1.7428, 2.29 -1.7126 1.7224, 2.29 1.9094 1.7224, 2.2998 -1.7126 1.6987, 2.2998 1.9094 1.6987, 2.2237 -1.7126 1.6783, 2.2218 -1.7126 1.6831, 2.2186 -1.7126 1.6872, 2.2146 -1.7126 1.6903, 2.2098 -1.7126 1.6922, 2.2047 -0.2638 1.6929, 2.2098 -0.2638 1.6922, 2.2098 1.185 1.6922, 2.2098 1.9094 1.6922, 2.2146 1.185 1.6903, 2.2146 1.9094 1.6903, 2.2186 1.185 1.6872, 2.2186 1.9094 1.6872, 2.2218 1.185 1.6831, 2.2218 1.9094 1.6831, 2.2237 1.185 1.6783, 2.2237 1.9094 1.6783, 2.2047 0.4606 1.6929, 2.2098 0.4606 1.6922, 2.2146 0.4606 1.6903, 2.2186 0.4606 1.6872, 2.2218 0.4606 1.6831, 2.2237 0.4606 1.6783, 2.2146 -0.2638 1.6903, 2.2186 -0.2638 1.6872, 2.2218 -0.2638 1.6831, 2.2237 -0.2638 1.6783, 2.2098 -0.9882 1.6922, 2.2146 -0.9882 1.6903, 2.2186 -0.9882 1.6872, 2.2218 -0.9882 1.6831, 2.2237 -0.9882 1.6783, 2.185 1.378 0.0, 1.437 1.378 0.0, 1.3635 1.3867 0.0, 1.146 1.5724 0.0, 1.1259 1.6437 0.0, 1.146 1.715 0.0, 1.1822 1.7796 0.0, 1.2324 1.834 0.0, 1.2324 1.4534 0.0, 1.294 1.8751 0.0, 1.294 1.4123 0.0, 1.3635 1.9007 0.0, 1.1822 1.5078 0.0, 1.437 1.378 0.0787, 2.2686 1.378 0.0346, 2.2873 1.378 0.0591, 2.2991 1.378 0.0875, 2.2156 1.378 0.004, 2.2441 1.378 0.0158, 2.185 -1.1811 0.0, 1.437 -1.1811 0.0, 1.3635 -1.7039 0.0, 1.294 -1.6783 0.0, 1.2324 -1.6371 0.0, 1.3635 -1.1898 0.0, 1.146 -1.5181 0.0, 1.1259 -1.4469 0.0, 1.146 -1.3756 0.0, 1.1822 -1.311 0.0, 1.2324 -1.2566 0.0, 1.294 -1.2154 0.0, 1.1822 -1.5827 0.0, 2.2991 -1.1811 0.0875, 1.437 -1.1811 0.0787, 2.2156 -1.1811 0.004, 2.2441 -1.1811 0.0158, 2.2873 -1.1811 0.0591, 2.2686 -1.1811 0.0346, -1.294 -1.2154 0.0787, -1.294 -1.6783 0.0787, -1.2324 -1.6371 0.0787, -1.3635 -1.7039 0.0787, -1.3635 -1.1898 0.0787, -1.1259 -1.4469 0.0787, -1.146 -1.3756 0.0787, -1.146 -1.5181 0.0787, -1.1822 -1.311 0.0787, -1.1822 -1.5827 0.0787, -1.2324 -1.2566 0.0787, -1.3635 1.3867 0.0787, -1.294 1.4123 0.0787, -1.2324 1.4534 0.0787, -1.1822 1.5078 0.0787, -1.3635 1.9007 0.0787, -1.146 1.5724 0.0787, -1.1259 1.6437 0.0787, -1.146 1.715 0.0787, -1.1822 1.7796 0.0787, -1.2324 1.834 0.0787, -1.294 1.8751 0.0787, 1.3635 -1.7039 0.0787, 1.294 -1.6783 0.0787, 1.2324 -1.6371 0.0787, 1.3635 -1.1898 0.0787, 1.294 -1.2154 0.0787, 1.2324 -1.2566 0.0787, 1.1822 -1.311 0.0787, 1.146 -1.3756 0.0787, 1.1259 -1.4469 0.0787, 1.146 -1.5181 0.0787, 1.1822 -1.5827 0.0787, 1.3635 1.3867 0.0787, 1.294 1.4123 0.0787, 1.294 1.8751 0.0787, 1.2324 1.834 0.0787, 1.2324 1.4534 0.0787, 1.146 1.715 0.0787, 1.1259 1.6437 0.0787, 1.146 1.5724 0.0787, 1.1822 1.7796 0.0787, 1.1822 1.5078 0.0787, 1.3635 1.9007 0.0787
            ]
        }
        coordIndex [
            0,1,2,-1,3,4,5,-1,5,4,6,-1,5,6,7,-1,5,8,3,-1,3,8,9,-1,3,9,10,-1,11,12,13,-1,13,12,14,-1,13,14,15,-1,15,14,16,-1,15,16,17,-1,17,16,18,-1,17,18,19,-1,19,18,3,-1,19,3,20,-1,20,3,10,-1,7,21,5,-1,5,21,22,-1,5,22,2,-1,2,22,23,-1,2,23,0,-1,24,25,26,-1,26,25,27,-1,26,27,28,-1,28,27,29,-1,28,29,30,-1,30,29,31,-1,30,31,32,-1,32,31,33,-1,33,34,32,-1,32,34,35,-1,32,35,36,-1,1,37,2,-1,2,37,32,-1,2,32,38,-1,38,32,36,-1,39,40,41,-1,42,43,44,-1,44,43,45,-1,44,45,46,-1,46,45,47,-1,48,49,50,-1,50,49,51,-1,52,53,54,-1,51,55,50,-1,50,55,56,-1,50,56,52,-1,52,56,57,-1,52,57,53,-1,58,59,60,-1,60,59,61,-1,60,61,43,-1,43,61,62,-1,43,62,45,-1,58,63,59,-1,59,63,64,-1,59,64,65,-1,54,66,52,-1,52,66,59,-1,52,59,67,-1,67,59,65,-1,68,69,50,-1,50,69,70,-1,50,70,48,-1,68,71,69,-1,69,71,72,-1,69,72,73,-1,74,75,41,-1,41,75,76,-1,41,76,39,-1,39,76,77,-1,39,77,78,-1,78,77,69,-1,78,69,79,-1,79,69,73,-1,80,81,82,-1,83,84,85,-1,86,87,88,-1,88,87,89,-1,88,89,90,-1,91,92,93,-1,94,95,96,-1,90,97,88,-1,88,97,91,-1,88,91,98,-1,98,91,93,-1,85,84,99,-1,96,100,94,-1,94,100,101,-1,94,101,82,-1,82,101,102,-1,82,102,80,-1,103,104,105,-1,105,104,106,-1,105,106,107,-1,107,106,108,-1,103,109,104,-1,104,109,110,-1,104,110,111,-1,111,112,104,-1,104,112,113,-1,104,113,114,-1,85,104,83,-1,83,104,114,-1,83,114,88,-1,88,114,115,-1,88,115,86,-1,84,116,99,-1,99,116,117,-1,99,117,118,-1,117,119,118,-1,118,119,120,-1,118,120,121,-1,121,120,122,-1,121,122,94,-1,94,122,123,-1,94,123,95,-1,124,125,126,-1,127,128,129,-1,130,131,132,-1,132,131,133,-1,132,133,129,-1,129,133,134,-1,129,134,127,-1,135,136,137,-1,137,136,138,-1,137,138,139,-1,139,138,140,-1,139,140,141,-1,142,143,144,-1,145,146,147,-1,147,146,148,-1,145,149,146,-1,146,149,150,-1,146,150,126,-1,126,150,151,-1,126,151,124,-1,141,152,139,-1,139,152,153,-1,139,153,154,-1,128,155,129,-1,129,155,156,-1,129,156,157,-1,157,156,158,-1,157,158,143,-1,143,158,159,-1,143,159,144,-1,144,160,142,-1,142,160,161,-1,142,161,162,-1,162,161,163,-1,162,163,146,-1,146,163,164,-1,146,164,139,-1,154,165,139,-1,139,165,166,-1,139,166,146,-1,146,166,167,-1,146,167,148,-1,168,169,170,-1,170,169,171,-1,170,171,172,-1,172,171,173,-1,174,175,168,-1,168,175,169,-1,176,177,178,-1,175,174,178,-1,178,174,179,-1,178,179,176,-1,172,173,180,-1,180,173,181,-1,180,181,182,-1,182,181,183,-1,93,92,176,-1,176,92,177,-1,182,183,184,-1,184,183,185,-1,186,187,188,-1,189,190,191,-1,191,190,192,-1,191,192,193,-1,194,195,196,-1,196,195,197,-1,196,197,198,-1,198,197,199,-1,198,199,200,-1,200,201,198,-1,198,201,202,-1,198,202,203,-1,204,205,206,-1,184,185,207,-1,207,185,208,-1,207,208,191,-1,191,208,209,-1,191,209,189,-1,205,210,206,-1,206,210,211,-1,206,211,191,-1,212,206,213,-1,213,206,214,-1,212,215,206,-1,206,215,216,-1,206,216,188,-1,188,216,217,-1,188,217,186,-1,203,218,198,-1,198,218,219,-1,198,219,206,-1,206,219,220,-1,206,220,204,-1,193,221,191,-1,191,221,222,-1,191,222,206,-1,206,222,223,-1,206,223,214,-1,198,94,196,-1,196,94,82,-1,196,82,224,-1,224,82,225,-1,226,227,82,-1,82,227,228,-1,82,228,229,-1,229,230,82,-1,82,230,231,-1,82,231,225,-1,106,232,233,-1,104,206,106,-1,106,206,188,-1,234,235,236,-1,236,235,106,-1,236,106,237,-1,237,106,233,-1,188,238,106,-1,106,238,239,-1,106,239,232,-1,15,17,43,-1,43,17,60,-1,39,78,29,-1,29,78,31,-1,31,78,79,-1,31,79,33,-1,33,79,73,-1,33,73,34,-1,34,73,72,-1,34,72,35,-1,35,72,71,-1,35,71,36,-1,36,71,68,-1,36,68,38,-1,38,68,50,-1,38,50,2,-1,5,2,52,-1,52,2,50,-1,5,52,67,-1,5,67,8,-1,8,67,65,-1,8,65,9,-1,9,65,64,-1,9,64,10,-1,10,64,63,-1,10,63,20,-1,20,63,58,-1,20,58,19,-1,19,58,60,-1,19,60,17,-1,240,241,242,-1,242,241,243,-1,243,241,244,-1,243,244,245,-1,245,244,246,-1,245,246,247,-1,247,246,248,-1,247,248,249,-1,249,248,250,-1,249,250,251,-1,251,250,252,-1,251,252,253,-1,253,252,254,-1,253,254,255,-1,256,255,257,-1,257,255,254,-1,256,257,258,-1,256,258,259,-1,259,258,260,-1,259,260,261,-1,261,260,262,-1,261,262,263,-1,263,262,264,-1,263,264,265,-1,265,264,266,-1,265,266,267,-1,267,266,268,-1,267,268,269,-1,270,269,271,-1,271,269,268,-1,272,273,274,-1,274,273,275,-1,274,275,270,-1,270,275,276,-1,270,276,269,-1,269,276,277,-1,269,277,267,-1,278,279,256,-1,256,279,280,-1,256,280,281,-1,255,282,283,-1,281,284,256,-1,256,284,285,-1,256,285,255,-1,255,285,286,-1,255,286,282,-1,278,256,277,-1,277,256,259,-1,277,259,261,-1,247,249,287,-1,261,263,277,-1,277,263,265,-1,277,265,267,-1,247,287,245,-1,283,288,255,-1,255,288,289,-1,255,289,253,-1,253,289,287,-1,253,287,251,-1,251,287,249,-1,290,291,292,-1,292,291,293,-1,292,293,294,-1,294,293,242,-1,294,242,287,-1,287,242,243,-1,287,243,245,-1,240,295,296,-1,297,298,299,-1,300,301,271,-1,299,300,297,-1,297,300,271,-1,297,271,302,-1,302,271,303,-1,304,305,257,-1,306,254,307,-1,307,254,308,-1,305,309,257,-1,257,309,310,-1,257,310,258,-1,258,310,303,-1,306,311,254,-1,254,311,312,-1,254,312,257,-1,257,312,313,-1,257,313,304,-1,252,314,254,-1,254,314,315,-1,254,315,308,-1,271,268,303,-1,303,268,266,-1,303,266,264,-1,252,250,314,-1,314,250,248,-1,314,248,246,-1,264,262,303,-1,303,262,260,-1,303,260,258,-1,316,317,296,-1,296,317,318,-1,296,318,240,-1,240,318,319,-1,240,319,241,-1,241,319,314,-1,241,314,244,-1,244,314,246,-1,320,321,322,-1,322,321,323,-1,324,320,325,-1,325,320,322,-1,321,326,323,-1,323,326,327,-1,327,326,328,-1,328,326,329,-1,328,329,330,-1,330,329,331,-1,324,325,332,-1,332,325,333,-1,332,333,334,-1,334,333,335,-1,331,336,330,-1,330,336,337,-1,135,334,136,-1,136,334,335,-1,40,39,27,-1,27,39,29,-1,270,271,274,-1,274,271,301,-1,299,338,339,-1,74,41,340,-1,41,40,340,-1,340,40,341,-1,340,341,342,-1,342,341,343,-1,342,343,344,-1,344,343,345,-1,344,345,346,-1,346,345,347,-1,346,347,348,-1,348,347,349,-1,348,349,157,-1,157,349,129,-1,350,74,351,-1,351,74,340,-1,351,340,352,-1,352,340,342,-1,352,342,353,-1,353,342,344,-1,353,344,354,-1,354,344,346,-1,354,346,355,-1,355,346,348,-1,355,348,143,-1,143,348,157,-1,338,350,339,-1,339,350,351,-1,339,351,356,-1,356,351,352,-1,356,352,357,-1,357,352,353,-1,357,353,358,-1,358,353,354,-1,358,354,359,-1,359,354,355,-1,359,355,142,-1,142,355,143,-1,300,299,360,-1,360,299,339,-1,360,339,361,-1,361,339,356,-1,361,356,362,-1,362,356,357,-1,362,357,363,-1,363,357,358,-1,363,358,364,-1,364,358,359,-1,364,359,162,-1,162,359,142,-1,301,300,365,-1,365,300,360,-1,365,360,366,-1,366,360,361,-1,366,361,367,-1,367,361,362,-1,367,362,368,-1,368,362,363,-1,368,363,369,-1,369,363,364,-1,369,364,146,-1,146,364,162,-1,40,27,341,-1,341,27,370,-1,341,370,343,-1,343,370,371,-1,343,371,345,-1,345,371,372,-1,345,372,347,-1,347,372,373,-1,347,373,349,-1,349,373,374,-1,349,374,129,-1,129,374,375,-1,376,377,378,-1,379,376,371,-1,378,377,380,-1,371,370,379,-1,379,370,27,-1,379,27,25,-1,377,381,380,-1,380,381,272,-1,380,272,274,-1,376,378,371,-1,371,378,382,-1,371,382,372,-1,372,382,383,-1,372,383,373,-1,373,383,384,-1,373,384,374,-1,374,384,385,-1,374,385,375,-1,146,385,369,-1,369,385,384,-1,369,384,368,-1,368,384,383,-1,368,383,367,-1,367,383,382,-1,367,382,366,-1,366,382,378,-1,366,378,365,-1,365,378,380,-1,365,380,301,-1,301,380,274,-1,132,386,387,-1,129,375,132,-1,132,375,388,-1,389,390,391,-1,391,390,132,-1,391,132,392,-1,392,132,387,-1,388,393,132,-1,132,393,394,-1,132,394,386,-1,395,396,388,-1,397,398,399,-1,399,398,400,-1,385,401,402,-1,403,404,375,-1,375,404,405,-1,375,405,406,-1,407,385,408,-1,408,385,409,-1,408,409,410,-1,410,409,411,-1,407,412,385,-1,385,412,413,-1,385,413,414,-1,414,415,385,-1,385,415,416,-1,385,416,417,-1,402,418,385,-1,385,418,419,-1,385,419,375,-1,375,419,420,-1,375,420,403,-1,406,421,375,-1,375,421,422,-1,375,422,388,-1,388,422,423,-1,388,423,395,-1,337,336,424,-1,424,336,398,-1,424,398,425,-1,425,398,397,-1,401,385,426,-1,426,385,417,-1,426,417,427,-1,427,417,428,-1,427,428,398,-1,398,428,429,-1,398,429,400,-1,385,146,409,-1,409,146,126,-1,409,126,430,-1,430,126,431,-1,432,433,126,-1,126,433,434,-1,126,434,435,-1,435,436,126,-1,126,436,437,-1,126,437,431,-1,424,138,337,-1,337,138,136,-1,337,136,330,-1,330,136,335,-1,330,335,328,-1,328,335,333,-1,138,424,140,-1,140,424,425,-1,140,425,141,-1,141,425,397,-1,141,397,152,-1,152,397,399,-1,152,399,153,-1,153,399,400,-1,153,400,154,-1,154,400,429,-1,154,429,165,-1,165,429,428,-1,165,428,166,-1,166,428,417,-1,417,416,166,-1,166,416,167,-1,167,416,148,-1,148,416,415,-1,148,415,147,-1,147,415,414,-1,147,414,145,-1,145,414,413,-1,145,413,149,-1,149,413,412,-1,149,412,150,-1,150,412,407,-1,150,407,151,-1,151,407,408,-1,151,408,124,-1,124,408,410,-1,438,434,439,-1,439,434,433,-1,439,433,440,-1,441,442,443,-1,444,445,446,-1,446,445,447,-1,440,433,443,-1,443,433,448,-1,443,448,441,-1,442,449,443,-1,443,449,446,-1,443,446,450,-1,450,446,447,-1,124,410,125,-1,125,410,411,-1,125,411,451,-1,439,452,438,-1,438,452,125,-1,438,125,453,-1,453,125,454,-1,451,455,125,-1,125,455,456,-1,125,456,454,-1,328,333,327,-1,327,333,325,-1,327,325,323,-1,323,325,322,-1,321,320,326,-1,326,320,324,-1,326,324,329,-1,329,324,332,-1,329,332,331,-1,331,332,334,-1,331,334,336,-1,336,334,135,-1,336,135,398,-1,398,135,137,-1,159,420,144,-1,144,420,419,-1,144,419,160,-1,160,419,418,-1,160,418,161,-1,161,418,402,-1,161,402,163,-1,163,402,401,-1,163,401,164,-1,164,401,426,-1,164,426,139,-1,139,426,427,-1,139,427,137,-1,137,427,398,-1,403,420,158,-1,158,420,159,-1,131,395,133,-1,133,395,423,-1,133,423,134,-1,134,423,422,-1,134,422,127,-1,127,422,421,-1,127,421,128,-1,128,421,406,-1,128,406,155,-1,155,406,405,-1,155,405,156,-1,156,405,404,-1,156,404,158,-1,158,404,403,-1,395,131,396,-1,396,131,130,-1,457,458,130,-1,130,458,459,-1,460,461,130,-1,130,461,462,-1,130,462,396,-1,459,463,130,-1,130,463,464,-1,130,464,460,-1,391,459,389,-1,389,459,458,-1,465,466,467,-1,458,468,389,-1,389,468,467,-1,389,467,469,-1,469,467,466,-1,470,471,467,-1,467,471,472,-1,467,472,465,-1,470,473,471,-1,471,473,474,-1,471,474,475,-1,13,15,42,-1,42,15,43,-1,240,242,295,-1,295,242,293,-1,476,11,477,-1,477,11,13,-1,478,479,480,-1,476,477,481,-1,481,477,482,-1,481,482,479,-1,480,483,478,-1,478,483,293,-1,478,293,291,-1,479,482,480,-1,480,482,484,-1,480,484,485,-1,485,484,486,-1,485,486,487,-1,487,486,488,-1,487,488,489,-1,489,488,198,-1,489,198,206,-1,94,198,490,-1,490,198,488,-1,490,488,491,-1,491,488,486,-1,491,486,492,-1,492,486,484,-1,492,484,493,-1,493,484,482,-1,493,482,494,-1,494,482,477,-1,494,477,42,-1,42,477,13,-1,46,495,496,-1,316,296,497,-1,296,295,497,-1,497,295,498,-1,497,498,499,-1,499,498,500,-1,499,500,501,-1,501,500,502,-1,501,502,503,-1,503,502,504,-1,503,504,505,-1,505,504,506,-1,505,506,85,-1,85,506,104,-1,507,316,508,-1,508,316,497,-1,508,497,509,-1,509,497,499,-1,509,499,510,-1,510,499,501,-1,510,501,511,-1,511,501,503,-1,511,503,512,-1,512,503,505,-1,512,505,99,-1,99,505,85,-1,495,507,496,-1,496,507,508,-1,496,508,513,-1,513,508,509,-1,513,509,514,-1,514,509,510,-1,514,510,515,-1,515,510,511,-1,515,511,516,-1,516,511,512,-1,516,512,118,-1,118,512,99,-1,44,46,517,-1,517,46,496,-1,517,496,518,-1,518,496,513,-1,518,513,519,-1,519,513,514,-1,519,514,520,-1,520,514,515,-1,520,515,521,-1,521,515,516,-1,521,516,121,-1,121,516,118,-1,42,44,494,-1,494,44,517,-1,494,517,493,-1,493,517,518,-1,493,518,492,-1,492,518,519,-1,492,519,491,-1,491,519,520,-1,491,520,490,-1,490,520,521,-1,490,521,94,-1,94,521,121,-1,295,293,498,-1,498,293,483,-1,498,483,500,-1,500,483,480,-1,500,480,502,-1,502,480,485,-1,502,485,504,-1,504,485,487,-1,504,487,506,-1,506,487,489,-1,506,489,104,-1,104,489,206,-1,236,522,234,-1,234,522,523,-1,234,523,524,-1,525,526,527,-1,528,529,530,-1,530,529,531,-1,524,532,234,-1,234,532,530,-1,234,530,533,-1,533,530,531,-1,528,530,527,-1,527,530,534,-1,527,534,525,-1,186,107,187,-1,187,107,108,-1,535,523,108,-1,108,523,522,-1,536,537,108,-1,108,537,538,-1,108,538,187,-1,522,539,108,-1,108,539,540,-1,108,540,536,-1,107,186,105,-1,105,186,217,-1,105,217,103,-1,103,217,216,-1,103,216,109,-1,109,216,215,-1,109,215,110,-1,110,215,212,-1,110,212,111,-1,111,212,213,-1,111,213,112,-1,112,213,214,-1,112,214,113,-1,113,214,223,-1,113,223,114,-1,114,223,222,-1,114,222,115,-1,115,222,221,-1,115,221,86,-1,86,221,193,-1,86,193,87,-1,87,193,192,-1,87,192,89,-1,89,192,190,-1,89,190,90,-1,90,190,189,-1,90,189,97,-1,97,189,209,-1,97,209,91,-1,91,209,208,-1,181,178,183,-1,183,178,177,-1,183,177,185,-1,185,177,92,-1,185,92,208,-1,208,92,91,-1,171,169,173,-1,173,169,175,-1,173,175,181,-1,181,175,178,-1,541,228,542,-1,542,228,227,-1,542,227,543,-1,543,544,542,-1,542,544,545,-1,542,545,546,-1,547,548,549,-1,550,551,545,-1,545,551,552,-1,545,552,546,-1,550,545,549,-1,549,545,553,-1,549,553,547,-1,80,195,81,-1,81,195,194,-1,81,194,554,-1,542,555,541,-1,541,555,81,-1,541,81,556,-1,556,81,557,-1,554,558,81,-1,81,558,559,-1,81,559,557,-1,122,218,123,-1,123,218,203,-1,123,203,95,-1,95,203,202,-1,95,202,96,-1,96,202,201,-1,96,201,100,-1,100,201,200,-1,100,200,101,-1,101,200,199,-1,101,199,102,-1,102,199,197,-1,102,197,80,-1,80,197,195,-1,120,219,122,-1,122,219,218,-1,98,207,88,-1,88,207,191,-1,88,191,83,-1,83,191,211,-1,83,211,84,-1,84,211,210,-1,84,210,116,-1,116,210,205,-1,116,205,117,-1,117,205,204,-1,117,204,119,-1,119,204,220,-1,119,220,120,-1,120,220,219,-1,207,98,184,-1,184,98,93,-1,184,93,182,-1,182,93,176,-1,182,176,180,-1,180,176,179,-1,180,179,172,-1,172,179,174,-1,172,174,170,-1,170,174,168,-1,130,132,457,-1,457,132,390,-1,560,561,562,-1,390,563,457,-1,457,563,561,-1,457,561,564,-1,564,561,560,-1,565,566,567,-1,567,566,568,-1,562,569,560,-1,560,569,567,-1,560,567,570,-1,570,567,568,-1,475,565,567,-1,475,567,471,-1,471,567,569,-1,471,569,472,-1,472,569,562,-1,472,562,465,-1,465,562,561,-1,465,561,466,-1,466,561,563,-1,466,563,469,-1,469,563,390,-1,469,390,389,-1,458,457,564,-1,458,564,468,-1,468,564,560,-1,468,560,467,-1,467,560,570,-1,467,570,470,-1,470,570,568,-1,470,568,473,-1,473,568,566,-1,473,566,474,-1,474,566,565,-1,474,565,475,-1,432,126,125,-1,125,452,432,-1,432,452,571,-1,432,571,572,-1,572,573,432,-1,432,573,574,-1,432,574,575,-1,576,577,578,-1,578,579,576,-1,576,579,580,-1,576,580,574,-1,574,580,581,-1,574,581,575,-1,433,432,575,-1,433,575,448,-1,448,575,581,-1,448,581,441,-1,441,581,580,-1,441,580,442,-1,442,580,579,-1,442,579,449,-1,449,579,578,-1,449,578,446,-1,446,578,577,-1,446,577,444,-1,444,577,576,-1,444,576,445,-1,445,576,574,-1,445,574,447,-1,447,574,573,-1,447,573,450,-1,450,573,572,-1,450,572,443,-1,443,572,571,-1,443,571,440,-1,440,571,452,-1,440,452,439,-1,82,81,226,-1,226,81,555,-1,226,555,582,-1,582,555,583,-1,583,555,584,-1,584,555,585,-1,584,585,586,-1,586,587,584,-1,584,587,588,-1,584,588,589,-1,590,591,589,-1,589,591,592,-1,589,592,584,-1,227,226,582,-1,227,582,543,-1,543,582,583,-1,543,583,544,-1,544,583,584,-1,544,584,545,-1,545,584,592,-1,545,592,553,-1,553,592,591,-1,553,591,547,-1,547,591,590,-1,547,590,548,-1,555,542,546,-1,555,546,585,-1,585,546,552,-1,585,552,586,-1,586,552,551,-1,586,551,587,-1,587,551,550,-1,587,550,588,-1,588,550,549,-1,588,549,589,-1,589,549,548,-1,589,548,590,-1,108,106,535,-1,535,106,235,-1,535,235,593,-1,593,235,594,-1,595,596,597,-1,598,599,600,-1,596,601,597,-1,597,601,598,-1,597,598,602,-1,602,598,600,-1,594,235,597,-1,597,235,603,-1,597,603,595,-1,526,599,598,-1,526,598,527,-1,527,598,601,-1,527,601,528,-1,528,601,596,-1,528,596,529,-1,529,596,595,-1,529,595,531,-1,531,595,603,-1,531,603,533,-1,533,603,235,-1,533,235,234,-1,599,526,525,-1,599,525,600,-1,600,525,534,-1,600,534,602,-1,602,534,530,-1,602,530,597,-1,597,530,532,-1,597,532,594,-1,594,532,524,-1,594,524,593,-1,593,524,523,-1,593,523,535,-1,522,236,237,-1,522,237,539,-1,539,237,233,-1,539,233,540,-1,540,233,232,-1,540,232,536,-1,536,232,239,-1,536,239,537,-1,537,239,238,-1,537,238,538,-1,538,238,188,-1,538,188,187,-1,228,541,556,-1,228,556,229,-1,229,556,557,-1,229,557,230,-1,230,557,559,-1,230,559,231,-1,231,559,558,-1,231,558,225,-1,225,558,554,-1,225,554,224,-1,224,554,194,-1,224,194,196,-1,434,438,453,-1,434,453,435,-1,435,453,454,-1,435,454,436,-1,436,454,456,-1,436,456,437,-1,437,456,455,-1,437,455,431,-1,431,455,451,-1,431,451,430,-1,430,451,411,-1,430,411,409,-1,459,391,392,-1,459,392,463,-1,463,392,387,-1,463,387,464,-1,464,387,386,-1,464,386,460,-1,460,386,394,-1,460,394,461,-1,461,394,393,-1,461,393,462,-1,462,393,388,-1,462,388,396,-1,
        ]
    }
}
Shape{
    appearance Appearance {
        material  Material 	{
            diffuseColor 0.6470588235294118 0.6196078431372549 0.5882352941176471
            specularColor 0.45098039215686275 0.43529411764705883 0.4117647058823529
            ambientIntensity 0.6242
            transparency 0.0
            shininess 0.5
        }
    }
    geometry IndexedFaceSet {
        ccw TRUE
        solid FALSE
        coord DEF co Coordinate {
            point [
                2.2047 0.6299 1.6929, 2.2047 0.4606 1.6929, 2.2441 0.6299 1.6929, 2.2047 -0.2638 1.6929, 2.2441 -0.4331 1.6929, 2.2047 -0.4331 1.6929, 1.5866 -0.4331 1.6929, 1.5866 -0.4331 1.7717, 2.2441 -0.4331 1.7634, 2.2302 -0.4331 1.7683, 2.2047 -0.4331 1.7717, 2.2441 0.6299 1.7634, 1.5866 0.6299 1.7717, 1.5866 0.6299 1.6929, 2.2047 0.6299 1.7717, 2.2302 0.6299 1.7683, -2.2441 -0.4331 1.6929, -2.2441 0.6299 1.6929, -2.2441 -0.4331 1.7634, -2.2441 0.6299 1.7634, -1.5866 -0.4331 1.7717, -1.5866 -0.4331 1.6929, -2.2047 -0.4331 1.7717, -2.2047 -0.4331 1.6929, -2.2302 -0.4331 1.7683, -2.2047 0.6299 1.6929, -1.5866 0.6299 1.6929, -1.5866 0.6299 1.7717, -2.2302 0.6299 1.7683, -2.2047 0.6299 1.7717, -2.2047 -0.2638 1.6929, -2.2047 0.4606 1.6929, -1.4979 -0.6472 1.6929, -1.4979 -0.6472 1.7717, -1.3805 -0.847 1.6929, -1.3805 -0.847 1.7717, -1.2366 -1.0287 1.6929, -1.2366 -1.0287 1.7717, -1.069 -1.1888 1.6929, -1.069 -1.1888 1.7717, -0.8809 -1.3241 1.6929, -0.8809 -1.3241 1.7717, -0.6759 -1.4322 1.6929, -0.6759 -1.4322 1.7717, -0.458 -1.5109 1.6929, -0.458 -1.5109 1.7717, -0.2312 -1.5588 1.6929, -0.2312 -1.5588 1.7717, 0.0 -1.5748 1.6929, 0.0 -1.5748 1.7717, 0.2312 -1.5588 1.6929, 0.2312 -1.5588 1.7717, 0.458 -1.5109 1.6929, 0.458 -1.5109 1.7717, 0.6759 -1.4322 1.6929, 0.6759 -1.4322 1.7717, 0.8809 -1.3241 1.6929, 0.8809 -1.3241 1.7717, 1.069 -1.1888 1.6929, 1.069 -1.1888 1.7717, 1.2366 -1.0287 1.6929, 1.2366 -1.0287 1.7717, 1.3805 -0.847 1.6929, 1.3805 -0.847 1.7717, 1.4979 -0.6472 1.6929, 1.4979 -0.6472 1.7717, 1.4979 0.844 1.6929, 1.4979 0.844 1.7717, 1.3805 1.0439 1.6929, 1.3805 1.0439 1.7717, 1.2366 1.2255 1.6929, 1.2366 1.2255 1.7717, 1.069 1.3856 1.6929, 1.069 1.3856 1.7717, 0.8809 1.521 1.6929, 0.8809 1.521 1.7717, 0.6759 1.629 1.6929, 0.6759 1.629 1.7717, 0.458 1.7078 1.6929, 0.458 1.7078 1.7717, 0.2312 1.7556 1.6929, 0.2312 1.7556 1.7717, 0.0 1.7717 1.6929, 0.0 1.7717 1.7717, -0.2312 1.7556 1.6929, -0.2312 1.7556 1.7717, -0.458 1.7078 1.6929, -0.458 1.7078 1.7717, -0.6759 1.629 1.6929, -0.6759 1.629 1.7717, -0.8809 1.521 1.6929, -0.8809 1.521 1.7717, -1.069 1.3856 1.6929, -1.069 1.3856 1.7717, -1.2366 1.2255 1.6929, -1.2366 1.2255 1.7717, -1.3805 1.0439 1.6929, -1.3805 1.0439 1.7717, -1.4979 0.844 1.6929, -1.4979 0.844 1.7717
            ]
        }
        coordIndex [
            0,1,2,-1,2,1,3,-1,2,3,4,-1,4,3,5,-1,5,6,7,-1,8,4,9,-1,9,4,5,-1,9,5,10,-1,10,5,7,-1,2,4,11,-1,11,4,8,-1,12,13,14,-1,14,13,0,-1,14,0,15,-1,15,0,2,-1,15,2,11,-1,16,17,18,-1,18,17,19,-1,20,21,22,-1,22,21,23,-1,22,23,24,-1,24,23,16,-1,24,16,18,-1,25,26,27,-1,19,17,28,-1,28,17,25,-1,28,25,29,-1,29,25,27,-1,23,30,16,-1,16,30,31,-1,16,31,17,-1,17,31,25,-1,21,20,32,-1,32,20,33,-1,32,33,34,-1,34,33,35,-1,34,35,36,-1,36,35,37,-1,36,37,38,-1,38,37,39,-1,38,39,40,-1,40,39,41,-1,40,41,42,-1,42,41,43,-1,42,43,44,-1,44,43,45,-1,44,45,46,-1,46,45,47,-1,46,47,48,-1,48,47,49,-1,48,49,50,-1,50,49,51,-1,50,51,52,-1,52,51,53,-1,52,53,54,-1,54,53,55,-1,54,55,56,-1,56,55,57,-1,56,57,58,-1,58,57,59,-1,58,59,60,-1,60,59,61,-1,60,61,62,-1,62,61,63,-1,62,63,64,-1,64,63,65,-1,64,65,6,-1,6,65,7,-1,13,12,66,-1,66,12,67,-1,66,67,68,-1,68,67,69,-1,68,69,70,-1,70,69,71,-1,70,71,72,-1,72,71,73,-1,72,73,74,-1,74,73,75,-1,74,75,76,-1,76,75,77,-1,76,77,78,-1,78,77,79,-1,78,79,80,-1,80,79,81,-1,80,81,82,-1,82,81,83,-1,82,83,84,-1,84,83,85,-1,84,85,86,-1,86,85,87,-1,86,87,88,-1,88,87,89,-1,88,89,90,-1,90,89,91,-1,90,91,92,-1,92,91,93,-1,92,93,94,-1,94,93,95,-1,94,95,96,-1,96,95,97,-1,96,97,98,-1,98,97,99,-1,98,99,26,-1,26,99,27,-1,
        ]
    }
}
Shape{
    appearance Appearance {
        material  Material 	{
            diffuseColor 0.0 0.7450980392156863 0.5294117647058824
            specularColor 0.0 0.6549019607843137 0.4666666666666667
            ambientIntensity 0.4977
            transparency 0.0
            shininess 0.5
        }
    }
    geometry IndexedFaceSet {
        ccw TRUE
        solid FALSE
        coord DEF co Coordinate {
            point [
                -1.0039 -0.9449 0.0, -2.185 -0.9449 0.0, -2.185 0.0979 0.0, 0.0387 0.0991 0.0, 0.0467 0.0979 0.0, 0.0226 0.0979 0.0, 0.0392 0.1682 0.0, 0.0488 0.1695 0.0, 0.0303 0.1644 0.0, 0.0565 0.1686 0.0, 0.0624 0.1665 0.0, 0.0226 2.2244 0.0, 2.0669 2.2244 0.0, 2.185 2.1063 0.0, 1.0039 1.1417 0.0, 1.0039 1.9488 0.0, 2.185 1.9488 0.0, 2.126 2.2086 0.0, 2.1504 2.1898 0.0, 2.1692 2.1654 0.0, 2.0975 2.2204 0.0, 2.181 2.1369 0.0, 0.0679 0.1628 0.0, 0.0726 0.1576 0.0, 0.0759 0.1515 0.0, 0.0693 0.1011 0.0, 0.0956 0.0984 0.0, 0.0617 0.0985 0.0, 0.0566 0.0979 0.0, 0.1359 0.0984 0.0, 2.185 1.1417 0.0, 2.185 0.0979 0.0, 0.1359 0.1772 0.0, 0.1254 0.1772 0.0, 0.0847 0.1564 0.0, 0.0801 0.1638 0.0, 0.073 0.1706 0.0, 0.0655 0.1749 0.0, 0.078 0.1431 0.0, 0.0783 0.137 0.0, 0.0775 0.1284 0.0, 0.0756 0.1051 0.0, 0.0816 0.1114 0.0, 0.0956 0.1071 0.0, 0.0858 0.1189 0.0, 0.1254 0.1071 0.0, 0.0303 0.175 0.0, 0.0394 0.1775 0.0, 0.0488 0.1781 0.0, 0.0568 0.1775 0.0, 0.0881 0.1272 0.0, 0.0889 0.1363 0.0, 0.0878 0.1475 0.0, 0.0754 0.1217 0.0, 0.0721 0.1162 0.0, 0.0684 0.1123 0.0, 0.0636 0.109 0.0, 0.0579 0.1069 0.0, 0.0505 0.1061 0.0, 0.0401 0.1073 0.0, 0.0317 0.1104 0.0, 0.0303 0.1111 0.0, 0.0303 0.1025 0.0, 1.0039 -0.9449 0.0, 1.0039 -1.752 0.0, 0.0226 -2.0276 0.0, 2.185 -1.752 0.0, 2.185 -1.9094 0.0, 0.052 0.0975 0.0, 2.185 -0.9449 0.0, 0.0498 0.0975 0.0, 2.0669 -2.0276 0.0, 2.0975 -2.0235 0.0, 2.181 -1.94 0.0, 2.1692 -1.9685 0.0, 2.126 -2.0117 0.0, 2.1504 -1.993 0.0, -0.1634 0.1205 0.0, -0.1308 0.1205 0.0, -0.1233 0.0984 0.0, -0.1118 0.0984 0.0, -0.1021 0.12 0.0, -0.0976 0.113 0.0, -0.0911 0.1068 0.0, -0.0829 0.102 0.0, -0.0738 0.0993 0.0, -1.0039 1.9488 0.0, -2.185 1.9488 0.0, -2.185 2.1063 0.0, -0.0254 0.1772 0.0, -0.0254 0.1685 0.0, -0.0427 0.1772 0.0, 0.0044 0.1685 0.0, 0.0044 0.1426 0.0, -0.0235 0.1426 0.0, -0.0235 0.134 0.0, 0.0044 0.134 0.0, 0.0044 0.1071 0.0, -0.0273 0.1071 0.0, -0.0273 0.0984 0.0, -0.0427 0.0984 0.0, -0.0641 0.0984 0.0, 0.0149 0.0984 0.0, 0.0149 0.1772 0.0, -2.0669 2.2244 0.0, -2.185 1.1417 0.0, -1.0039 1.1417 0.0, -0.1829 0.0984 0.0, -0.1713 0.0984 0.0, -2.1692 2.1654 0.0, -2.1504 2.1898 0.0, -2.126 2.2086 0.0, -0.1416 0.1772 0.0, -0.0855 0.1727 0.0, -0.094 0.167 0.0, -0.0649 0.1772 0.0, -0.0763 0.1759 0.0, -2.181 2.1369 0.0, -2.0975 2.2204 0.0, -0.0941 0.1669 0.0, -0.0997 0.1607 0.0, -0.1034 0.154 0.0, -0.1055 0.1462 0.0, -0.106 0.1388 0.0, -0.1049 0.1282 0.0, -1.0039 -1.752 0.0, -2.185 -1.9094 0.0, -2.185 -1.752 0.0, -0.1521 0.1772 0.0, -2.0669 -2.0276 0.0, -2.0975 -2.0235 0.0, -2.181 -1.94 0.0, -2.126 -2.0117 0.0, -2.1692 -1.9685 0.0, -2.1504 -1.993 0.0, 1.1024 2.2244 0.6299, 2.0669 2.2244 0.9803, 1.1024 2.2244 0.5512, 0.8661 2.2244 0.5512, 0.8661 2.2244 0.6299, -0.8661 2.2244 0.6299, -2.0669 2.2244 0.9803, -1.1024 2.2244 0.6299, -1.1024 2.2244 0.5512, -0.8661 2.2244 0.5512, -2.185 2.1063 0.9803, -2.181 2.1369 0.9803, -2.1692 2.1654 0.9803, -2.1504 2.1898 0.9803, -2.126 2.2086 0.9803, -2.0975 2.2204 0.9803, 2.0975 2.2204 0.9803, 2.126 2.2086 0.9803, 2.1504 2.1898 0.9803, 2.1692 2.1654 0.9803, 2.181 2.1369 0.9803, 2.185 2.1063 0.9803, 2.185 -1.752 0.0984, 2.185 -1.9094 0.9803, 2.185 -0.9449 0.0984, 2.185 1.1417 0.0984, 2.185 1.9488 0.0984, 2.181 -1.94 0.9803, 2.1692 -1.9685 0.9803, 2.1504 -1.993 0.9803, 2.126 -2.0117 0.9803, 2.0975 -2.0235 0.9803, 2.0669 -2.0276 0.9803, -0.8661 -2.0276 0.5295, -2.0669 -2.0276 0.9803, -0.1181 -2.0276 0.4508, 0.1181 -2.0276 0.4508, 0.1181 -2.0276 0.5295, -0.1181 -2.0276 0.5295, -0.8661 -2.0276 0.4508, -1.1024 -2.0276 0.4508, -1.1024 -2.0276 0.5295, 0.8661 -2.0276 0.4508, 0.8661 -2.0276 0.5295, 1.1024 -2.0276 0.5295, 1.1024 -2.0276 0.4508, -2.0975 -2.0235 0.9803, -2.126 -2.0117 0.9803, -2.1504 -1.993 0.9803, -2.1692 -1.9685 0.9803, -2.181 -1.94 0.9803, -2.185 -1.9094 0.9803, -2.185 1.9488 0.0984, -2.185 1.1417 0.0984, -2.185 -0.9449 0.0984, -2.185 -1.752 0.0984, 1.0039 -0.9449 0.0984, 1.0039 -1.752 0.0984, -1.0039 -1.752 0.0984, -1.0039 -0.9449 0.0984, -1.0039 1.1417 0.0984, -1.0039 1.9488 0.0984, 1.0039 1.9488 0.0984, 1.0039 1.1417 0.0984
            ]
        }
        coordIndex [
            0,1,2,-1,3,4,5,-1,6,7,8,-1,8,7,9,-1,8,9,10,-1,11,12,13,-1,14,11,15,-1,15,11,13,-1,15,13,16,-1,17,18,19,-1,12,20,13,-1,13,20,17,-1,13,17,21,-1,21,17,19,-1,10,22,8,-1,8,22,23,-1,8,23,24,-1,25,26,27,-1,27,26,28,-1,29,30,31,-1,30,29,14,-1,14,29,32,-1,14,32,33,-1,34,35,33,-1,33,35,36,-1,33,36,37,-1,24,38,8,-1,8,38,39,-1,8,39,40,-1,25,41,26,-1,26,41,42,-1,26,42,43,-1,43,42,44,-1,43,44,45,-1,46,11,47,-1,47,11,14,-1,47,14,48,-1,48,14,33,-1,48,33,49,-1,49,33,37,-1,44,50,45,-1,45,50,51,-1,45,51,33,-1,33,51,52,-1,33,52,34,-1,40,53,8,-1,8,53,54,-1,8,54,55,-1,55,56,8,-1,8,56,57,-1,8,57,58,-1,58,59,8,-1,8,59,60,-1,8,60,61,-1,46,8,11,-1,11,8,61,-1,11,61,5,-1,5,61,62,-1,5,62,3,-1,63,64,65,-1,64,66,67,-1,26,29,28,-1,28,29,31,-1,28,31,68,-1,68,31,69,-1,68,69,70,-1,70,69,63,-1,70,63,4,-1,65,64,71,-1,71,64,67,-1,71,67,72,-1,67,73,72,-1,72,73,74,-1,72,74,75,-1,75,74,76,-1,77,78,79,-1,80,81,82,-1,82,83,80,-1,80,83,84,-1,80,84,85,-1,86,87,88,-1,89,90,91,-1,92,93,90,-1,90,93,94,-1,90,94,91,-1,91,94,95,-1,96,97,95,-1,95,97,98,-1,95,98,91,-1,91,98,99,-1,91,99,100,-1,100,99,5,-1,100,5,101,-1,99,102,5,-1,5,102,103,-1,5,103,11,-1,11,103,86,-1,11,86,104,-1,104,86,88,-1,2,105,106,-1,107,108,5,-1,109,110,111,-1,112,113,114,-1,103,89,86,-1,86,89,91,-1,86,91,106,-1,106,91,115,-1,106,115,112,-1,112,115,116,-1,112,116,113,-1,88,117,104,-1,104,117,109,-1,104,109,118,-1,118,109,111,-1,114,119,112,-1,112,119,120,-1,112,120,121,-1,121,122,112,-1,112,122,123,-1,112,123,80,-1,80,123,124,-1,80,124,81,-1,85,101,80,-1,80,101,5,-1,80,5,79,-1,79,5,108,-1,79,108,77,-1,4,63,5,-1,5,63,65,-1,5,65,125,-1,125,65,126,-1,125,126,127,-1,125,0,5,-1,5,0,2,-1,5,2,107,-1,107,2,106,-1,107,106,128,-1,128,106,112,-1,65,129,126,-1,126,129,130,-1,126,130,131,-1,131,130,132,-1,131,132,133,-1,133,132,134,-1,135,136,137,-1,137,136,12,-1,137,12,138,-1,138,12,11,-1,135,139,136,-1,136,139,140,-1,136,140,141,-1,141,140,142,-1,141,142,104,-1,104,142,143,-1,104,143,11,-1,11,143,144,-1,11,144,138,-1,138,144,140,-1,138,140,139,-1,88,145,146,-1,88,146,117,-1,117,146,147,-1,117,147,109,-1,109,147,148,-1,109,148,110,-1,110,148,149,-1,110,149,111,-1,111,149,150,-1,111,150,118,-1,118,150,141,-1,118,141,104,-1,12,136,151,-1,12,151,20,-1,20,151,152,-1,20,152,17,-1,17,152,153,-1,17,153,18,-1,18,153,154,-1,18,154,19,-1,19,154,155,-1,19,155,21,-1,21,155,156,-1,21,156,13,-1,67,66,157,-1,67,157,158,-1,158,157,159,-1,158,159,156,-1,31,30,160,-1,69,31,159,-1,159,31,160,-1,159,160,156,-1,156,160,161,-1,156,161,13,-1,13,161,16,-1,67,158,162,-1,67,162,73,-1,73,162,163,-1,73,163,74,-1,74,163,164,-1,74,164,76,-1,76,164,165,-1,76,165,75,-1,75,165,166,-1,75,166,72,-1,72,166,167,-1,72,167,71,-1,168,167,169,-1,129,65,170,-1,170,65,171,-1,172,167,173,-1,173,167,168,-1,173,168,170,-1,170,168,174,-1,170,174,129,-1,129,174,175,-1,129,175,169,-1,169,175,176,-1,169,176,168,-1,65,71,171,-1,171,71,177,-1,171,177,172,-1,172,177,178,-1,172,178,167,-1,167,178,179,-1,167,179,71,-1,71,179,180,-1,71,180,177,-1,129,169,181,-1,129,181,130,-1,130,181,182,-1,130,182,132,-1,132,182,183,-1,132,183,134,-1,134,183,184,-1,134,184,133,-1,133,184,185,-1,133,185,131,-1,131,185,186,-1,131,186,126,-1,88,87,187,-1,88,187,145,-1,145,187,188,-1,145,188,186,-1,2,1,189,-1,127,126,190,-1,190,126,186,-1,190,186,189,-1,189,186,188,-1,189,188,2,-1,2,188,105,-1,154,153,152,-1,156,145,158,-1,158,145,186,-1,158,186,169,-1,141,145,136,-1,136,145,156,-1,136,156,151,-1,151,156,152,-1,152,156,155,-1,152,155,154,-1,149,148,147,-1,141,150,145,-1,145,150,149,-1,145,149,146,-1,146,149,147,-1,169,186,181,-1,181,186,185,-1,181,185,182,-1,182,185,184,-1,182,184,183,-1,164,163,165,-1,165,163,166,-1,169,167,158,-1,158,167,166,-1,158,166,162,-1,162,166,163,-1,159,191,69,-1,69,191,63,-1,191,192,63,-1,63,192,64,-1,192,157,64,-1,64,157,66,-1,192,191,157,-1,157,191,159,-1,190,193,127,-1,127,193,125,-1,193,194,125,-1,125,194,0,-1,194,189,0,-1,0,189,1,-1,189,194,190,-1,190,194,193,-1,188,195,105,-1,105,195,106,-1,195,196,106,-1,106,196,86,-1,196,187,86,-1,86,187,87,-1,196,195,187,-1,187,195,188,-1,161,197,16,-1,16,197,15,-1,197,198,15,-1,15,198,14,-1,198,160,14,-1,14,160,30,-1,160,198,161,-1,161,198,197,-1,
        ]
    }
}
Shape{
    appearance Appearance {
        material  Material 	{
            diffuseColor 0.9686274509803922 0.8784313725490196 0.6
            specularColor 0.6784313725490196 0.615686274509804 0.4196078431372549
            ambientIntensity 0.8737
            transparency 0.0
            shininess 0.5
        }
    }
    geometry IndexedFaceSet {
        ccw TRUE
        solid FALSE
        coord DEF co Coordinate {
            point [
                1.1024 2.8937 -1.378, 1.1024 2.815 -1.378, 0.8661 2.8937 -1.378, 0.8661 2.815 -1.378, 1.1024 2.7362 0.6299, 1.1024 2.2244 0.6299, 1.1024 2.7362 0.5512, 1.1024 2.2244 0.5512, 0.8661 2.7362 0.5512, 0.8661 2.2244 0.5512, 0.8661 2.7362 0.6299, 0.8661 2.2244 0.6299, 1.1024 2.815 0.4724, 1.1024 2.8937 0.4724, 1.1024 2.8123 0.4928, 1.1024 2.8883 0.5132, 1.1024 2.8044 0.5118, 1.1024 2.8726 0.5512, 1.1024 2.7919 0.5281, 1.1024 2.8476 0.5838, 1.1024 2.7756 0.5406, 1.1024 2.815 0.6088, 1.1024 2.7566 0.5485, 1.1024 2.777 0.6246, 0.8661 2.7566 0.5485, 0.8661 2.7756 0.5406, 0.8661 2.7919 0.5281, 0.8661 2.8044 0.5118, 0.8661 2.8123 0.4928, 0.8661 2.815 0.4724, 0.8661 2.777 0.6246, 0.8661 2.815 0.6088, 0.8661 2.8476 0.5838, 0.8661 2.8726 0.5512, 0.8661 2.8883 0.5132, 0.8661 2.8937 0.4724, -0.8661 2.8937 -1.378, -0.8661 2.815 -1.378, -1.1024 2.8937 -1.378, -1.1024 2.815 -1.378, -0.8661 2.7362 0.6299, -0.8661 2.2244 0.6299, -0.8661 2.7362 0.5512, -0.8661 2.2244 0.5512, -1.1024 2.7362 0.5512, -1.1024 2.2244 0.5512, -1.1024 2.7362 0.6299, -1.1024 2.2244 0.6299, -0.8661 2.815 0.4724, -0.8661 2.8937 0.4724, -0.8661 2.8123 0.4928, -0.8661 2.8883 0.5132, -0.8661 2.8044 0.5118, -0.8661 2.8726 0.5512, -0.8661 2.7919 0.5281, -0.8661 2.8476 0.5838, -0.8661 2.7756 0.5406, -0.8661 2.815 0.6088, -0.8661 2.7566 0.5485, -0.8661 2.777 0.6246, -1.1024 2.7566 0.5485, -1.1024 2.7756 0.5406, -1.1024 2.7919 0.5281, -1.1024 2.8044 0.5118, -1.1024 2.8123 0.4928, -1.1024 2.815 0.4724, -1.1024 2.777 0.6246, -1.1024 2.815 0.6088, -1.1024 2.8476 0.5838, -1.1024 2.8726 0.5512, -1.1024 2.8883 0.5132, -1.1024 2.8937 0.4724, -1.1024 -2.8937 -1.378, -1.1024 -2.815 -1.378, -0.8661 -2.8937 -1.378, -0.8661 -2.815 -1.378, -1.1024 -2.7362 0.5295, -1.1024 -2.0276 0.5295, -1.1024 -2.7362 0.4508, -1.1024 -2.0276 0.4508, -0.8661 -2.7362 0.4508, -0.8661 -2.0276 0.4508, -0.8661 -2.7362 0.5295, -0.8661 -2.0276 0.5295, -1.1024 -2.777 0.5242, -1.1024 -2.7537 0.4488, -1.1024 -2.815 0.5084, -1.1024 -2.7704 0.443, -1.1024 -2.8476 0.4834, -1.1024 -2.815 0.372, -1.1024 -2.8937 0.372, -1.1024 -2.813 0.3896, -1.1024 -2.8883 0.4128, -1.1024 -2.8072 0.4062, -1.1024 -2.8726 0.4508, -1.1024 -2.7978 0.4211, -1.1024 -2.7853 0.4336, -0.8661 -2.7537 0.4488, -0.8661 -2.7704 0.443, -0.8661 -2.7853 0.4336, -0.8661 -2.7978 0.4211, -0.8661 -2.8072 0.4062, -0.8661 -2.813 0.3896, -0.8661 -2.815 0.372, -0.8661 -2.777 0.5242, -0.8661 -2.815 0.5084, -0.8661 -2.8476 0.4834, -0.8661 -2.8937 0.372, -0.8661 -2.8883 0.4128, -0.8661 -2.8726 0.4508, 0.1181 -2.8937 -1.378, -0.1181 -2.8937 -1.378, 0.1181 -2.815 -1.378, -0.1181 -2.815 -1.378, -0.1181 -2.7362 0.4508, -0.1181 -2.0276 0.4508, 0.1181 -2.7362 0.4508, 0.1181 -2.0276 0.4508, 0.1181 -2.7362 0.5295, 0.1181 -2.0276 0.5295, -0.1181 -2.7362 0.5295, -0.1181 -2.0276 0.5295, -0.1181 -2.7537 0.4488, 0.1181 -2.7537 0.4488, -0.1181 -2.7704 0.443, 0.1181 -2.7704 0.443, -0.1181 -2.7853 0.4336, 0.1181 -2.7853 0.4336, -0.1181 -2.7978 0.4211, 0.1181 -2.7978 0.4211, -0.1181 -2.8072 0.4062, 0.1181 -2.8072 0.4062, -0.1181 -2.813 0.3896, 0.1181 -2.813 0.3896, -0.1181 -2.815 0.372, 0.1181 -2.815 0.372, 0.1181 -2.777 0.5242, 0.1181 -2.815 0.5084, 0.1181 -2.8476 0.4834, 0.1181 -2.8937 0.372, 0.1181 -2.8883 0.4128, 0.1181 -2.8726 0.4508, -0.1181 -2.8937 0.372, -0.1181 -2.8883 0.4128, -0.1181 -2.8726 0.4508, -0.1181 -2.8476 0.4834, -0.1181 -2.815 0.5084, -0.1181 -2.777 0.5242, 1.1024 -2.8937 -1.378, 0.8661 -2.8937 -1.378, 1.1024 -2.815 -1.378, 0.8661 -2.815 -1.378, 0.8661 -2.7362 0.4508, 0.8661 -2.0276 0.4508, 1.1024 -2.7362 0.4508, 1.1024 -2.0276 0.4508, 1.1024 -2.7362 0.5295, 1.1024 -2.0276 0.5295, 0.8661 -2.7362 0.5295, 0.8661 -2.0276 0.5295, 0.8661 -2.7537 0.4488, 1.1024 -2.7537 0.4488, 0.8661 -2.7704 0.443, 1.1024 -2.7704 0.443, 0.8661 -2.7853 0.4336, 1.1024 -2.7853 0.4336, 0.8661 -2.7978 0.4211, 1.1024 -2.7978 0.4211, 0.8661 -2.8072 0.4062, 1.1024 -2.8072 0.4062, 0.8661 -2.813 0.3896, 1.1024 -2.813 0.3896, 0.8661 -2.815 0.372, 1.1024 -2.815 0.372, 1.1024 -2.777 0.5242, 1.1024 -2.815 0.5084, 1.1024 -2.8476 0.4834, 1.1024 -2.8937 0.372, 1.1024 -2.8883 0.4128, 1.1024 -2.8726 0.4508, 0.8661 -2.8937 0.372, 0.8661 -2.8883 0.4128, 0.8661 -2.8726 0.4508, 0.8661 -2.8476 0.4834, 0.8661 -2.815 0.5084, 0.8661 -2.777 0.5242
            ]
        }
        coordIndex [
            0,1,2,-1,2,1,3,-1,4,5,6,-1,6,5,7,-1,6,7,8,-1,8,7,9,-1,8,9,10,-1,10,9,11,-1,11,5,10,-1,10,5,4,-1,12,13,14,-1,14,13,15,-1,14,15,16,-1,16,15,17,-1,16,17,18,-1,18,17,19,-1,18,19,20,-1,20,19,21,-1,20,21,22,-1,22,21,23,-1,22,23,6,-1,6,23,4,-1,6,8,22,-1,22,8,24,-1,22,24,20,-1,20,24,25,-1,20,25,18,-1,18,25,26,-1,18,26,16,-1,16,26,27,-1,16,27,14,-1,14,27,28,-1,14,28,12,-1,12,28,29,-1,8,10,24,-1,24,10,30,-1,24,30,25,-1,25,30,31,-1,25,31,26,-1,26,31,32,-1,26,32,27,-1,27,32,33,-1,27,33,28,-1,28,33,34,-1,28,34,29,-1,29,34,35,-1,13,35,34,-1,13,34,15,-1,15,34,33,-1,15,33,17,-1,17,33,32,-1,17,32,19,-1,19,32,31,-1,19,31,21,-1,21,31,30,-1,21,30,23,-1,23,30,10,-1,23,10,4,-1,0,13,1,-1,1,13,12,-1,1,12,3,-1,3,12,29,-1,3,29,2,-1,2,29,35,-1,35,13,2,-1,2,13,0,-1,36,37,38,-1,38,37,39,-1,40,41,42,-1,42,41,43,-1,42,43,44,-1,44,43,45,-1,44,45,46,-1,46,45,47,-1,47,41,46,-1,46,41,40,-1,48,49,50,-1,50,49,51,-1,50,51,52,-1,52,51,53,-1,52,53,54,-1,54,53,55,-1,54,55,56,-1,56,55,57,-1,56,57,58,-1,58,57,59,-1,58,59,42,-1,42,59,40,-1,42,44,58,-1,58,44,60,-1,58,60,56,-1,56,60,61,-1,56,61,54,-1,54,61,62,-1,54,62,52,-1,52,62,63,-1,52,63,50,-1,50,63,64,-1,50,64,48,-1,48,64,65,-1,44,46,60,-1,60,46,66,-1,60,66,61,-1,61,66,67,-1,61,67,62,-1,62,67,68,-1,62,68,63,-1,63,68,69,-1,63,69,64,-1,64,69,70,-1,64,70,65,-1,65,70,71,-1,49,71,70,-1,49,70,51,-1,51,70,69,-1,51,69,53,-1,53,69,68,-1,53,68,55,-1,55,68,67,-1,55,67,57,-1,57,67,66,-1,57,66,59,-1,59,66,46,-1,59,46,40,-1,36,49,37,-1,37,49,48,-1,37,48,39,-1,39,48,65,-1,39,65,38,-1,38,65,71,-1,71,49,38,-1,38,49,36,-1,72,73,74,-1,74,73,75,-1,76,77,78,-1,78,77,79,-1,78,79,80,-1,80,79,81,-1,80,81,82,-1,82,81,83,-1,83,77,82,-1,82,77,76,-1,76,78,84,-1,84,78,85,-1,84,85,86,-1,86,85,87,-1,86,87,88,-1,89,90,91,-1,91,90,92,-1,91,92,93,-1,93,92,94,-1,93,94,95,-1,95,94,88,-1,95,88,96,-1,96,88,87,-1,78,80,85,-1,85,80,97,-1,85,97,87,-1,87,97,98,-1,87,98,96,-1,96,98,99,-1,96,99,95,-1,95,99,100,-1,95,100,93,-1,93,100,101,-1,93,101,91,-1,91,101,102,-1,91,102,89,-1,89,102,103,-1,80,82,97,-1,97,82,104,-1,97,104,98,-1,98,104,105,-1,98,105,99,-1,99,105,106,-1,107,103,108,-1,108,103,102,-1,108,102,109,-1,109,102,101,-1,109,101,106,-1,106,101,100,-1,106,100,99,-1,90,107,108,-1,90,108,92,-1,92,108,109,-1,92,109,94,-1,94,109,106,-1,94,106,88,-1,88,106,105,-1,88,105,86,-1,86,105,104,-1,86,104,84,-1,84,104,82,-1,84,82,76,-1,72,90,73,-1,73,90,89,-1,73,89,75,-1,75,89,103,-1,75,103,74,-1,74,103,107,-1,107,90,74,-1,74,90,72,-1,110,111,112,-1,112,111,113,-1,114,115,116,-1,116,115,117,-1,116,117,118,-1,118,117,119,-1,118,119,120,-1,120,119,121,-1,121,115,120,-1,120,115,114,-1,114,116,122,-1,122,116,123,-1,122,123,124,-1,124,123,125,-1,124,125,126,-1,126,125,127,-1,126,127,128,-1,128,127,129,-1,128,129,130,-1,130,129,131,-1,130,131,132,-1,132,131,133,-1,132,133,134,-1,134,133,135,-1,116,118,123,-1,123,118,136,-1,123,136,125,-1,125,136,137,-1,125,137,127,-1,127,137,138,-1,139,135,140,-1,140,135,133,-1,140,133,141,-1,141,133,131,-1,141,131,138,-1,138,131,129,-1,138,129,127,-1,142,139,140,-1,142,140,143,-1,143,140,141,-1,143,141,144,-1,144,141,138,-1,144,138,145,-1,145,138,137,-1,145,137,146,-1,146,137,136,-1,146,136,147,-1,147,136,118,-1,147,118,120,-1,120,114,147,-1,147,114,122,-1,147,122,146,-1,146,122,124,-1,146,124,145,-1,134,142,132,-1,132,142,143,-1,132,143,130,-1,130,143,144,-1,130,144,128,-1,128,144,145,-1,128,145,126,-1,126,145,124,-1,113,134,112,-1,112,134,135,-1,112,135,110,-1,110,135,139,-1,110,139,111,-1,111,139,142,-1,142,134,111,-1,111,134,113,-1,148,149,150,-1,150,149,151,-1,152,153,154,-1,154,153,155,-1,154,155,156,-1,156,155,157,-1,156,157,158,-1,158,157,159,-1,159,153,158,-1,158,153,152,-1,152,154,160,-1,160,154,161,-1,160,161,162,-1,162,161,163,-1,162,163,164,-1,164,163,165,-1,164,165,166,-1,166,165,167,-1,166,167,168,-1,168,167,169,-1,168,169,170,-1,170,169,171,-1,170,171,172,-1,172,171,173,-1,154,156,161,-1,161,156,174,-1,161,174,163,-1,163,174,175,-1,163,175,165,-1,165,175,176,-1,177,173,178,-1,178,173,171,-1,178,171,179,-1,179,171,169,-1,179,169,176,-1,176,169,167,-1,176,167,165,-1,180,177,178,-1,180,178,181,-1,181,178,179,-1,181,179,182,-1,182,179,176,-1,182,176,183,-1,183,176,175,-1,183,175,184,-1,184,175,174,-1,184,174,185,-1,185,174,156,-1,185,156,158,-1,158,152,185,-1,185,152,160,-1,185,160,184,-1,184,160,162,-1,184,162,183,-1,172,180,170,-1,170,180,181,-1,170,181,168,-1,168,181,182,-1,168,182,166,-1,166,182,183,-1,166,183,164,-1,164,183,162,-1,151,172,150,-1,150,172,173,-1,150,173,148,-1,148,173,177,-1,148,177,149,-1,149,177,180,-1,180,172,149,-1,149,172,151,-1,
        ]
    }
}
Shape{
    appearance Appearance {
        material  Material 	{
            diffuseColor 0.7764705882352941 0.7568627450980392 0.7372549019607844
            specularColor 0.38823529411764707 0.3764705882352941 0.3686274509803922
            ambientIntensity 0.7605
            transparency 0.0
            shininess 0.5
        }
    }
    geometry IndexedFaceSet {
        ccw TRUE
        solid FALSE
        coord DEF co Coordinate {
            point [
                -0.1634 0.1205 0.0039, -0.1634 0.1205 0.0, -0.1713 0.0984 0.0039, -0.1713 0.0984 0.0, -0.1308 0.1205 0.0039, -0.1308 0.1205 0.0, -0.1233 0.0984 0.0039, -0.1233 0.0984 0.0, -0.1118 0.0984 0.0039, -0.1118 0.0984 0.0, -0.1416 0.1772 0.0039, -0.1416 0.1772 0.0, -0.1521 0.1772 0.0039, -0.1521 0.1772 0.0, -0.1829 0.0984 0.0039, -0.1829 0.0984 0.0, -0.1335 0.1292 0.0039, -0.1598 0.1292 0.0039, -0.1452 0.162 0.0039, -0.146 0.1648 0.0039, -0.1465 0.1676 0.0039, -0.1468 0.1676 0.0039, -0.1473 0.1648 0.0039, -0.148 0.162 0.0039, -0.1468 0.1676 0.0, -0.1473 0.1648 0.0, -0.148 0.162 0.0, -0.1465 0.1676 0.0, -0.1452 0.162 0.0, -0.146 0.1648 0.0, -0.1335 0.1292 0.0, -0.1598 0.1292 0.0, -0.0649 0.1772 0.0039, -0.0649 0.1772 0.0, -0.0427 0.1772 0.0039, -0.0427 0.1772 0.0, -0.106 0.1388 0.0039, -0.106 0.1388 0.0, -0.1055 0.1462 0.0, -0.1055 0.1462 0.0039, -0.1034 0.154 0.0, -0.1034 0.154 0.0039, -0.0997 0.1607 0.0, -0.0997 0.1607 0.0039, -0.0941 0.1669 0.0, -0.0941 0.1669 0.0039, -0.094 0.167 0.0, -0.094 0.167 0.0039, -0.0855 0.1727 0.0, -0.0855 0.1727 0.0039, -0.0763 0.1759 0.0, -0.0763 0.1759 0.0039, -0.0641 0.0984 0.0039, -0.0641 0.0984 0.0, -0.0738 0.0993 0.0, -0.0738 0.0993 0.0039, -0.0829 0.102 0.0, -0.0829 0.102 0.0039, -0.0911 0.1068 0.0, -0.0911 0.1068 0.0039, -0.0976 0.113 0.0, -0.0976 0.113 0.0039, -0.1021 0.12 0.0, -0.1021 0.12 0.0039, -0.1049 0.1282 0.0, -0.1049 0.1282 0.0039, -0.0427 0.0984 0.0039, -0.0427 0.0984 0.0, -0.0902 0.1575 0.0039, -0.0864 0.1615 0.0039, -0.0807 0.1653 0.0039, -0.0742 0.1675 0.0039, -0.0648 0.1685 0.0039, -0.0532 0.1685 0.0039, -0.0532 0.1071 0.0039, -0.0644 0.1071 0.0039, -0.0727 0.1078 0.0039, -0.0793 0.1099 0.0039, -0.0847 0.1131 0.0039, -0.0891 0.1175 0.0039, -0.0924 0.1229 0.0039, -0.0948 0.1303 0.0039, -0.0955 0.1386 0.0039, -0.0948 0.1464 0.0039, -0.093 0.1526 0.0039, -0.0644 0.1071 0.0, -0.0532 0.1071 0.0, -0.0955 0.1386 0.0, -0.0948 0.1303 0.0, -0.0924 0.1229 0.0, -0.0891 0.1175 0.0, -0.0847 0.1131 0.0, -0.0793 0.1099 0.0, -0.0727 0.1078 0.0, -0.0648 0.1685 0.0, -0.0742 0.1675 0.0, -0.0807 0.1653 0.0, -0.0864 0.1615 0.0, -0.0902 0.1575 0.0, -0.093 0.1526 0.0, -0.0948 0.1464 0.0, -0.0532 0.1685 0.0, 0.0149 0.1772 0.0039, 0.0149 0.1772 0.0, 0.0149 0.0984 0.0039, 0.0149 0.0984 0.0, -0.0254 0.1772 0.0039, -0.0254 0.1772 0.0, -0.0254 0.1685 0.0039, -0.0254 0.1685 0.0, 0.0044 0.1685 0.0039, 0.0044 0.1685 0.0, 0.0044 0.1426 0.0039, 0.0044 0.1426 0.0, -0.0235 0.1426 0.0039, -0.0235 0.1426 0.0, -0.0235 0.134 0.0039, -0.0235 0.134 0.0
            ]
        }
        coordIndex [
            0,1,2,-1,2,1,3,-1,4,5,0,-1,0,5,1,-1,6,7,4,-1,4,7,5,-1,8,9,6,-1,6,9,7,-1,10,11,8,-1,8,11,9,-1,12,13,10,-1,10,13,11,-1,14,15,12,-1,12,15,13,-1,14,2,15,-1,15,2,3,-1,16,4,17,-1,17,4,0,-1,18,10,16,-1,16,10,8,-1,16,8,4,-1,4,8,6,-1,18,19,10,-1,10,19,20,-1,10,20,12,-1,12,20,21,-1,12,21,22,-1,22,23,12,-1,12,23,17,-1,12,17,14,-1,14,17,0,-1,14,0,2,-1,21,24,25,-1,21,25,22,-1,22,25,26,-1,22,26,23,-1,20,27,21,-1,21,27,24,-1,18,28,29,-1,18,29,19,-1,19,29,27,-1,19,27,20,-1,16,30,18,-1,18,30,28,-1,17,31,16,-1,16,31,30,-1,26,31,23,-1,23,31,17,-1,32,33,34,-1,34,33,35,-1,36,37,38,-1,36,38,39,-1,39,38,40,-1,39,40,41,-1,41,40,42,-1,41,42,43,-1,43,42,44,-1,43,44,45,-1,45,44,46,-1,45,46,47,-1,47,46,48,-1,47,48,49,-1,49,48,50,-1,49,50,51,-1,51,50,33,-1,51,33,32,-1,52,53,54,-1,52,54,55,-1,55,54,56,-1,55,56,57,-1,57,56,58,-1,57,58,59,-1,59,58,60,-1,59,60,61,-1,61,60,62,-1,61,62,63,-1,63,62,64,-1,63,64,65,-1,65,64,37,-1,65,37,36,-1,66,67,52,-1,52,67,53,-1,66,34,67,-1,67,34,35,-1,41,43,68,-1,68,43,45,-1,68,45,69,-1,69,45,47,-1,69,47,70,-1,70,47,49,-1,70,49,71,-1,71,49,51,-1,71,51,72,-1,72,51,32,-1,72,32,73,-1,73,32,34,-1,73,34,74,-1,74,34,66,-1,74,66,75,-1,75,66,52,-1,75,52,76,-1,76,52,55,-1,76,55,77,-1,77,55,57,-1,77,57,78,-1,78,57,59,-1,78,59,79,-1,79,59,61,-1,79,61,80,-1,80,61,63,-1,80,63,81,-1,81,63,65,-1,81,65,82,-1,82,65,36,-1,82,36,83,-1,83,36,39,-1,83,39,84,-1,84,39,41,-1,84,41,68,-1,75,85,74,-1,74,85,86,-1,82,87,88,-1,82,88,81,-1,81,88,89,-1,81,89,80,-1,80,89,90,-1,80,90,79,-1,79,90,91,-1,79,91,78,-1,78,91,92,-1,78,92,77,-1,77,92,93,-1,77,93,76,-1,76,93,85,-1,76,85,75,-1,72,94,95,-1,72,95,71,-1,71,95,96,-1,71,96,70,-1,70,96,97,-1,70,97,69,-1,69,97,98,-1,69,98,68,-1,68,98,99,-1,68,99,84,-1,84,99,100,-1,84,100,83,-1,83,100,87,-1,83,87,82,-1,73,101,72,-1,72,101,94,-1,86,101,74,-1,74,101,73,-1,102,103,104,-1,104,103,105,-1,106,107,102,-1,102,107,103,-1,108,109,106,-1,106,109,107,-1,110,111,108,-1,108,111,109,-1,112,113,110,-1,110,113,111,-1,114,115,112,-1,112,115,113,-1,116,117,114,-1,114,117,115,-1,
        ]
    }
}
Shape{
    appearance Appearance {
        material  Material 	{
            diffuseColor 1.0 1.0 1.0
            specularColor 0.8784313725490196 0.8784313725490196 0.8784313725490196
            ambientIntensity 1.0
            transparency 0.0
            shininess 0.5
        }
    }
    geometry IndexedFaceSet {
        ccw TRUE
        solid FALSE
        coord DEF co Coordinate {
            point [
                0.0044 0.134 0.0039, 0.0044 0.134 0.0, -0.0235 0.134 0.0039, -0.0235 0.134 0.0, 0.0044 0.1071 0.0039, 0.0044 0.1071 0.0, -0.0273 0.1071 0.0039, -0.0273 0.1071 0.0, -0.0273 0.0984 0.0039, -0.0273 0.0984 0.0, 0.0149 0.0984 0.0039, 0.0149 0.0984 0.0, 0.0149 0.1772 0.0039, -0.0254 0.1685 0.0039, -0.0254 0.1772 0.0039, 0.0044 0.1685 0.0039, 0.0044 0.1426 0.0039, -0.0235 0.1426 0.0039, 0.0889 0.1363 0.0039, 0.0889 0.1363 0.0, 0.0881 0.1272 0.0, 0.0881 0.1272 0.0039, 0.0858 0.1189 0.0, 0.0858 0.1189 0.0039, 0.0816 0.1114 0.0, 0.0816 0.1114 0.0039, 0.0756 0.1051 0.0, 0.0756 0.1051 0.0039, 0.0693 0.1011 0.0, 0.0693 0.1011 0.0039, 0.0617 0.0985 0.0, 0.0617 0.0985 0.0039, 0.052 0.0975 0.0039, 0.0566 0.0979 0.0, 0.052 0.0975 0.0, 0.0488 0.1781 0.0039, 0.0488 0.1781 0.0, 0.0568 0.1775 0.0, 0.0568 0.1775 0.0039, 0.0655 0.1749 0.0, 0.0655 0.1749 0.0039, 0.073 0.1706 0.0, 0.073 0.1706 0.0039, 0.0801 0.1638 0.0, 0.0801 0.1638 0.0039, 0.0847 0.1564 0.0, 0.0847 0.1564 0.0039, 0.0878 0.1475 0.0, 0.0878 0.1475 0.0039, 0.0303 0.175 0.0039, 0.0303 0.175 0.0, 0.0394 0.1775 0.0, 0.0394 0.1775 0.0039, 0.0303 0.1644 0.0039, 0.0303 0.1644 0.0, 0.0488 0.1695 0.0039, 0.0488 0.1695 0.0, 0.0392 0.1682 0.0, 0.0392 0.1682 0.0039, 0.0783 0.137 0.0039, 0.0783 0.137 0.0, 0.078 0.1431 0.0, 0.078 0.1431 0.0039, 0.0759 0.1515 0.0, 0.0759 0.1515 0.0039, 0.0726 0.1576 0.0, 0.0726 0.1576 0.0039, 0.0679 0.1628 0.0, 0.0679 0.1628 0.0039, 0.0624 0.1665 0.0, 0.0624 0.1665 0.0039, 0.0565 0.1686 0.0, 0.0565 0.1686 0.0039, 0.0505 0.1061 0.0039, 0.0505 0.1061 0.0, 0.0579 0.1069 0.0, 0.0579 0.1069 0.0039, 0.0636 0.109 0.0, 0.0636 0.109 0.0039, 0.0684 0.1123 0.0, 0.0684 0.1123 0.0039, 0.0721 0.1162 0.0, 0.0721 0.1162 0.0039, 0.0754 0.1217 0.0, 0.0754 0.1217 0.0039, 0.0775 0.1284 0.0, 0.0775 0.1284 0.0039, 0.0303 0.1111 0.0039, 0.0303 0.1111 0.0, 0.0317 0.1104 0.0, 0.0317 0.1104 0.0039, 0.0401 0.1073 0.0, 0.0401 0.1073 0.0039, 0.0303 0.1025 0.0039, 0.0303 0.1025 0.0, 0.0387 0.0991 0.0039, 0.0498 0.0975 0.0, 0.0498 0.0975 0.0039, 0.0467 0.0979 0.0, 0.0387 0.0991 0.0, 0.1359 0.1772 0.0039, 0.1359 0.1772 0.0, 0.1359 0.0984 0.0039, 0.1359 0.0984 0.0, 0.1254 0.1772 0.0039, 0.1254 0.1772 0.0, 0.1254 0.1071 0.0039, 0.1254 0.1071 0.0, 0.0956 0.1071 0.0039, 0.0956 0.1071 0.0, 0.0956 0.0984 0.0039, 0.0956 0.0984 0.0
            ]
        }
        coordIndex [
            0,1,2,-1,2,1,3,-1,4,5,0,-1,0,5,1,-1,6,7,4,-1,4,7,5,-1,8,9,6,-1,6,9,7,-1,8,10,9,-1,9,10,11,-1,10,8,6,-1,6,4,10,-1,10,4,0,-1,10,0,12,-1,13,14,15,-1,15,14,12,-1,15,12,16,-1,16,12,0,-1,16,0,17,-1,17,0,2,-1,18,19,20,-1,18,20,21,-1,21,20,22,-1,21,22,23,-1,23,22,24,-1,23,24,25,-1,25,24,26,-1,25,26,27,-1,27,26,28,-1,27,28,29,-1,29,28,30,-1,29,30,31,-1,31,30,32,-1,32,30,33,-1,32,33,34,-1,35,36,37,-1,35,37,38,-1,38,37,39,-1,38,39,40,-1,40,39,41,-1,40,41,42,-1,42,41,43,-1,42,43,44,-1,44,43,45,-1,44,45,46,-1,46,45,47,-1,46,47,48,-1,48,47,19,-1,48,19,18,-1,49,50,51,-1,49,51,52,-1,52,51,36,-1,52,36,35,-1,53,54,49,-1,49,54,50,-1,55,56,57,-1,55,57,58,-1,58,57,54,-1,58,54,53,-1,59,60,61,-1,59,61,62,-1,62,61,63,-1,62,63,64,-1,64,63,65,-1,64,65,66,-1,66,65,67,-1,66,67,68,-1,68,67,69,-1,68,69,70,-1,70,69,71,-1,70,71,72,-1,72,71,56,-1,72,56,55,-1,73,74,75,-1,73,75,76,-1,76,75,77,-1,76,77,78,-1,78,77,79,-1,78,79,80,-1,80,79,81,-1,80,81,82,-1,82,81,83,-1,82,83,84,-1,84,83,85,-1,84,85,86,-1,86,85,60,-1,86,60,59,-1,87,88,89,-1,87,89,90,-1,90,89,91,-1,90,91,92,-1,92,91,74,-1,92,74,73,-1,93,94,87,-1,87,94,88,-1,94,93,95,-1,32,34,96,-1,32,96,97,-1,97,96,98,-1,97,98,95,-1,95,98,99,-1,95,99,94,-1,76,32,73,-1,73,32,97,-1,73,97,92,-1,92,97,95,-1,92,95,90,-1,90,95,93,-1,90,93,87,-1,53,49,58,-1,58,49,52,-1,58,52,55,-1,55,52,35,-1,55,35,72,-1,72,35,38,-1,72,38,70,-1,70,38,40,-1,70,40,68,-1,68,40,42,-1,68,42,66,-1,66,42,44,-1,66,44,64,-1,64,44,46,-1,64,46,62,-1,62,46,48,-1,62,48,59,-1,59,48,18,-1,59,18,86,-1,86,18,21,-1,86,21,84,-1,84,21,23,-1,84,23,82,-1,82,23,25,-1,82,25,80,-1,80,25,27,-1,80,27,78,-1,78,27,29,-1,78,29,76,-1,76,29,31,-1,76,31,32,-1,100,101,102,-1,102,101,103,-1,104,105,100,-1,100,105,101,-1,106,107,104,-1,104,107,105,-1,108,109,106,-1,106,109,107,-1,110,111,108,-1,108,111,109,-1,110,102,111,-1,111,102,103,-1,104,100,106,-1,106,100,102,-1,106,102,108,-1,108,102,110,-1,
        ]
    }
}
Shape{
    appearance Appearance {
        material  Material 	{
            diffuseColor 0.0 0.7450980392156863 0.5294117647058824
            specularColor 0.0 0.6549019607843137 0.4666666666666667
            ambientIntensity 0.4977
            transparency 0.0
            shininess 0.5
        }
    }
    geometry IndexedFaceSet {
        ccw TRUE
        solid FALSE
        coord DEF co Coordinate {
            point [
                -0.1335 0.1292 0.0, -0.1598 0.1292 0.0, -0.1452 0.162 0.0, -0.148 0.162 0.0, -0.146 0.1648 0.0, -0.1473 0.1648 0.0, -0.1465 0.1676 0.0, -0.1468 0.1676 0.0, -0.0532 0.1685 0.0, -0.0532 0.1071 0.0, -0.0648 0.1685 0.0, -0.0644 0.1071 0.0, -0.0727 0.1078 0.0, -0.0955 0.1386 0.0, -0.0948 0.1464 0.0, -0.093 0.1526 0.0, -0.0742 0.1675 0.0, -0.0793 0.1099 0.0, -0.0847 0.1131 0.0, -0.0891 0.1175 0.0, -0.0924 0.1229 0.0, -0.0948 0.1303 0.0, -0.0902 0.1575 0.0, -0.0864 0.1615 0.0, -0.0807 0.1653 0.0
            ]
        }
        coordIndex [
            0,1,2,-1,2,1,3,-1,2,3,4,-1,4,3,5,-1,4,5,6,-1,6,5,7,-1,8,9,10,-1,10,9,11,-1,10,11,12,-1,13,14,10,-1,10,14,15,-1,10,15,16,-1,12,17,10,-1,10,17,18,-1,10,18,19,-1,19,20,10,-1,10,20,21,-1,10,21,13,-1,22,23,15,-1,15,23,24,-1,15,24,16,-1,
        ]
    }
}
Shape{
    appearance Appearance {
        material  Material 	{
            diffuseColor 0.7764705882352941 0.7568627450980392 0.7372549019607844
            specularColor 0.38823529411764707 0.3764705882352941 0.3686274509803922
            ambientIntensity 0.7605
            transparency 0.0
            shininess 0.5
        }
    }
    geometry IndexedFaceSet {
        ccw TRUE
        solid FALSE
        coord DEF co Coordinate {
            point [
                1.558 0.5906 1.6929, 2.2047 0.5906 1.6929, 2.2047 -0.3937 1.6929, -2.2047 -0.3937 1.6929, -2.2047 0.5906 1.6929, -1.558 -0.3937 1.6929, -1.558 0.5906 1.6929, -1.4789 0.793 1.6929, 1.558 -0.3937 1.6929, 1.4789 -0.5962 1.6929, 0.1087 -1.5318 1.6929, 0.1087 1.7287 1.6929, 0.3241 1.6998 1.6929, -0.7341 -1.3612 1.6929, 0.5338 1.6426 1.6929, 0.7341 1.5581 1.6929, -1.3736 0.9832 1.6929, -1.244 1.1577 1.6929, -1.0923 1.3135 1.6929, -0.9214 1.4477 1.6929, -0.7341 1.5581 1.6929, -0.5338 1.6426 1.6929, -0.9214 -1.2509 1.6929, -1.0923 -1.1166 1.6929, -1.244 -0.9608 1.6929, 0.9214 1.4477 1.6929, 1.0923 1.3135 1.6929, 1.244 1.1577 1.6929, -0.3241 -1.503 1.6929, -0.5338 -1.4458 1.6929, 1.4789 0.793 1.6929, 1.3736 0.9832 1.6929, -0.3241 1.6998 1.6929, -0.1087 1.7287 1.6929, -1.4789 -0.5962 1.6929, -1.3736 -0.7863 1.6929, -0.1087 -1.5318 1.6929, 1.3736 -0.7863 1.6929, 1.244 -0.9608 1.6929, 1.0923 -1.1166 1.6929, 0.9214 -1.2509 1.6929, 0.7341 -1.3612 1.6929, 0.3241 -1.503 1.6929, 0.5338 -1.4458 1.6929
            ]
        }
        coordIndex [
            0,1,2,-1,3,4,5,-1,5,4,6,-1,5,6,7,-1,8,9,10,-1,11,12,13,-1,13,12,14,-1,13,14,15,-1,7,16,5,-1,5,16,17,-1,5,17,18,-1,18,19,5,-1,5,19,20,-1,5,20,21,-1,13,22,11,-1,11,22,23,-1,11,23,24,-1,15,25,13,-1,13,25,26,-1,13,26,27,-1,28,29,30,-1,30,29,13,-1,30,13,31,-1,31,13,27,-1,21,32,5,-1,5,32,33,-1,5,33,34,-1,34,33,11,-1,34,11,35,-1,35,11,24,-1,2,8,0,-1,0,8,10,-1,0,10,30,-1,30,10,36,-1,30,36,28,-1,9,37,10,-1,10,37,38,-1,10,38,39,-1,39,40,10,-1,10,40,41,-1,10,41,42,-1,42,41,43,-1,
        ]
    }
}
Shape{
    appearance Appearance {
        material  Material 	{
            diffuseColor 0.6470588235294118 0.6196078431372549 0.5882352941176471
            specularColor 0.45098039215686275 0.43529411764705883 0.4117647058823529
            ambientIntensity 0.6242
            transparency 0.0
            shininess 0.5
        }
    }
    geometry IndexedFaceSet {
        ccw TRUE
        solid FALSE
        coord DEF co Coordinate {
            point [
                -1.558 0.5906 1.6929, -1.558 0.5906 1.7717, -1.4789 0.793 1.7717, -1.4789 0.793 1.6929, -1.3736 0.9832 1.7717, -1.3736 0.9832 1.6929, -1.244 1.1577 1.7717, -1.244 1.1577 1.6929, -1.0923 1.3135 1.7717, -1.0923 1.3135 1.6929, -0.9214 1.4477 1.7717, -0.9214 1.4477 1.6929, -0.7341 1.5581 1.7717, -0.7341 1.5581 1.6929, -0.5338 1.6426 1.7717, -0.5338 1.6426 1.6929, -0.3241 1.6998 1.7717, -0.3241 1.6998 1.6929, -0.1087 1.7287 1.7717, -0.1087 1.7287 1.6929, 0.1087 1.7287 1.7717, 0.1087 1.7287 1.6929, 0.3241 1.6998 1.7717, 0.3241 1.6998 1.6929, 0.5338 1.6426 1.7717, 0.5338 1.6426 1.6929, 0.7341 1.5581 1.7717, 0.7341 1.5581 1.6929, 0.9214 1.4477 1.7717, 0.9214 1.4477 1.6929, 1.0923 1.3135 1.7717, 1.0923 1.3135 1.6929, 1.244 1.1577 1.7717, 1.244 1.1577 1.6929, 1.3736 0.9832 1.7717, 1.3736 0.9832 1.6929, 1.4789 0.793 1.7717, 1.4789 0.793 1.6929, 1.558 0.5906 1.7717, 1.558 0.5906 1.6929, 2.2047 0.5906 1.6929, 2.2047 0.5906 1.7717, 2.2047 -0.3937 1.6929, 2.2047 -0.3937 1.7717, 1.558 -0.3937 1.6929, 1.558 -0.3937 1.7717, 1.4789 -0.5962 1.7717, 1.4789 -0.5962 1.6929, 1.3736 -0.7863 1.7717, 1.3736 -0.7863 1.6929, 1.244 -0.9608 1.7717, 1.244 -0.9608 1.6929, 1.0923 -1.1166 1.7717, 1.0923 -1.1166 1.6929, 0.9214 -1.2509 1.7717, 0.9214 -1.2509 1.6929, 0.7341 -1.3612 1.7717, 0.7341 -1.3612 1.6929, 0.5338 -1.4458 1.7717, 0.5338 -1.4458 1.6929, 0.3241 -1.503 1.7717, 0.3241 -1.503 1.6929, 0.1087 -1.5318 1.7717, 0.1087 -1.5318 1.6929, -0.1087 -1.5318 1.7717, -0.1087 -1.5318 1.6929, -0.3241 -1.503 1.7717, -0.3241 -1.503 1.6929, -0.5338 -1.4458 1.7717, -0.5338 -1.4458 1.6929, -0.7341 -1.3612 1.7717, -0.7341 -1.3612 1.6929, -0.9214 -1.2509 1.7717, -0.9214 -1.2509 1.6929, -1.0923 -1.1166 1.7717, -1.0923 -1.1166 1.6929, -1.244 -0.9608 1.7717, -1.244 -0.9608 1.6929, -1.3736 -0.7863 1.7717, -1.3736 -0.7863 1.6929, -1.4789 -0.5962 1.7717, -1.4789 -0.5962 1.6929, -1.558 -0.3937 1.7717, -1.558 -0.3937 1.6929, -2.2047 -0.3937 1.6929, -2.2047 -0.3937 1.7717, -2.2047 0.5906 1.6929, -2.2047 0.5906 1.7717
            ]
        }
        coordIndex [
            0,1,2,-1,0,2,3,-1,3,2,4,-1,3,4,5,-1,5,4,6,-1,5,6,7,-1,7,6,8,-1,7,8,9,-1,9,8,10,-1,9,10,11,-1,11,10,12,-1,11,12,13,-1,13,12,14,-1,13,14,15,-1,15,14,16,-1,15,16,17,-1,17,16,18,-1,17,18,19,-1,19,18,20,-1,19,20,21,-1,21,20,22,-1,21,22,23,-1,23,22,24,-1,23,24,25,-1,25,24,26,-1,25,26,27,-1,27,26,28,-1,27,28,29,-1,29,28,30,-1,29,30,31,-1,31,30,32,-1,31,32,33,-1,33,32,34,-1,33,34,35,-1,35,34,36,-1,35,36,37,-1,37,36,38,-1,37,38,39,-1,40,39,41,-1,41,39,38,-1,42,40,43,-1,43,40,41,-1,44,42,45,-1,45,42,43,-1,44,45,46,-1,44,46,47,-1,47,46,48,-1,47,48,49,-1,49,48,50,-1,49,50,51,-1,51,50,52,-1,51,52,53,-1,53,52,54,-1,53,54,55,-1,55,54,56,-1,55,56,57,-1,57,56,58,-1,57,58,59,-1,59,58,60,-1,59,60,61,-1,61,60,62,-1,61,62,63,-1,63,62,64,-1,63,64,65,-1,65,64,66,-1,65,66,67,-1,67,66,68,-1,67,68,69,-1,69,68,70,-1,69,70,71,-1,71,70,72,-1,71,72,73,-1,73,72,74,-1,73,74,75,-1,75,74,76,-1,75,76,77,-1,77,76,78,-1,77,78,79,-1,79,78,80,-1,79,80,81,-1,81,80,82,-1,81,82,83,-1,84,83,85,-1,85,83,82,-1,86,84,87,-1,87,84,85,-1,0,86,1,-1,1,86,87,-1,
        ]
    }
}
Shape{
    appearance Appearance {
        material  Material 	{
            diffuseColor 0.7764705882352941 0.7568627450980392 0.7372549019607844
            specularColor 0.38823529411764707 0.3764705882352941 0.3686274509803922
            ambientIntensity 0.7605
            transparency 0.0
            shininess 0.5
        }
    }
    geometry IndexedFaceSet {
        ccw TRUE
        solid FALSE
        coord DEF co Coordinate {
            point [
                1.5675 0.2504 1.7717, 1.5748 0.0984 1.7717, 2.2047 0.5906 1.7717, 2.2047 -0.3937 1.7717, -2.2047 -0.3937 1.7717, -1.558 -0.3937 1.7717, -1.529 -0.2784 1.7717, 1.5675 -0.0536 1.7717, 1.5455 -0.2041 1.7717, 1.558 -0.3937 1.7717, 1.509 -0.3519 1.7717, 1.4789 -0.5962 1.7717, -1.558 0.5906 1.7717, -2.2047 0.5906 1.7717, -1.5583 0.326 1.7717, -1.5583 -0.1291 1.7717, -1.573 0.0223 1.7717, -1.573 0.1745 1.7717, 0.7341 1.5581 1.7717, 0.7653 1.4748 1.7717, 0.9214 1.4477 1.7717, 0.8946 1.3945 1.7717, 1.0923 1.3135 1.7717, 1.4789 0.793 1.7717, 1.4585 0.6923 1.7717, 1.558 0.5906 1.7717, 1.509 0.5487 1.7717, 1.5455 0.401 1.7717, 1.4585 -0.4954 1.7717, 1.3944 -0.6334 1.7717, 1.3736 -0.7863 1.7717, 1.3173 -0.7646 1.7717, 1.244 -0.9608 1.7717, 1.2278 -0.8877 1.7717, 1.0923 -1.1166 1.7717, -0.3241 -1.503 1.7717, -0.4137 -1.4211 1.7717, -0.5338 -1.4458 1.7717, -0.5584 -1.374 1.7717, -0.7341 -1.3612 1.7717, -0.6979 -1.3133 1.7717, -0.9214 -1.2509 1.7717, 1.0155 1.3021 1.7717, 1.1269 1.1984 1.7717, 1.244 1.1577 1.7717, 1.2278 1.0845 1.7717, 1.3736 0.9832 1.7717, 1.3173 0.9614 1.7717, 1.3944 0.8303 1.7717, 1.1269 -1.0016 1.7717, 1.0155 -1.1052 1.7717, 0.9214 -1.2509 1.7717, 0.8946 -1.1976 1.7717, 0.7341 -1.3612 1.7717, 0.7653 -1.2779 1.7717, 0.6289 -1.3453 1.7717, 0.5338 -1.4458 1.7717, 0.4866 -1.3993 1.7717, 0.3241 -1.503 1.7717, 0.3398 -1.4393 1.7717, 0.1087 -1.5318 1.7717, -0.8309 -1.2393 1.7717, -0.9562 -1.1529 1.7717, -1.0923 -1.1166 1.7717, -1.0725 -1.0548 1.7717, -1.244 -0.9608 1.7717, -1.1788 -0.9459 1.7717, -1.3736 -0.7863 1.7717, -1.274 -0.8272 1.7717, -1.3574 -0.6999 1.7717, -1.4789 -0.5962 1.7717, -1.4281 -0.5652 1.7717, -1.4855 -0.4243 1.7717, -0.3241 1.6998 1.7717, -0.2651 1.6507 1.7717, -0.1087 1.7287 1.7717, -0.1141 1.6691 1.7717, 0.1087 1.7287 1.7717, -0.9214 1.4477 1.7717, -0.8309 1.4362 1.7717, -0.7341 1.5581 1.7717, -0.6979 1.5101 1.7717, -0.5338 1.6426 1.7717, -0.5584 1.5709 1.7717, -0.4137 1.6179 1.7717, 0.0381 1.6728 1.7717, 0.1898 1.6617 1.7717, 0.3241 1.6998 1.7717, 0.3398 1.6361 1.7717, 0.5338 1.6426 1.7717, 0.4866 1.5962 1.7717, 0.6289 1.5422 1.7717, 0.1898 -1.4649 1.7717, 0.0381 -1.4759 1.7717, -0.1087 -1.5318 1.7717, -0.1141 -1.4722 1.7717, -0.2651 -1.4539 1.7717, -1.529 0.4753 1.7717, -1.4855 0.6211 1.7717, -1.4789 0.793 1.7717, -1.4281 0.762 1.7717, -1.3736 0.9832 1.7717, -1.3574 0.8968 1.7717, -1.274 1.0241 1.7717, -1.244 1.1577 1.7717, -1.1788 1.1427 1.7717, -1.0923 1.3135 1.7717, -1.0725 1.2516 1.7717, -0.9562 1.3497 1.7717
            ]
        }
        coordIndex [
            0,1,2,-1,2,1,3,-1,4,5,6,-1,1,7,3,-1,3,7,8,-1,3,8,9,-1,9,8,10,-1,9,10,11,-1,12,13,14,-1,6,15,4,-1,4,15,16,-1,4,16,13,-1,13,16,17,-1,13,17,14,-1,18,19,20,-1,20,19,21,-1,20,21,22,-1,23,24,25,-1,25,24,26,-1,25,26,2,-1,2,26,27,-1,2,27,0,-1,10,28,11,-1,11,28,29,-1,11,29,30,-1,30,29,31,-1,30,31,32,-1,32,31,33,-1,32,33,34,-1,35,36,37,-1,37,36,38,-1,37,38,39,-1,39,38,40,-1,39,40,41,-1,21,42,22,-1,22,42,43,-1,22,43,44,-1,44,43,45,-1,44,45,46,-1,46,45,47,-1,46,47,23,-1,23,47,48,-1,23,48,24,-1,33,49,34,-1,34,49,50,-1,34,50,51,-1,51,50,52,-1,51,52,53,-1,52,54,53,-1,53,54,55,-1,53,55,56,-1,56,55,57,-1,56,57,58,-1,58,57,59,-1,58,59,60,-1,40,61,41,-1,41,61,62,-1,41,62,63,-1,63,62,64,-1,63,64,65,-1,65,64,66,-1,65,66,67,-1,66,68,67,-1,67,68,69,-1,67,69,70,-1,70,69,71,-1,70,71,5,-1,5,71,72,-1,5,72,6,-1,73,74,75,-1,75,74,76,-1,75,76,77,-1,78,79,80,-1,80,79,81,-1,80,81,82,-1,82,81,83,-1,82,83,73,-1,73,83,84,-1,73,84,74,-1,76,85,77,-1,77,85,86,-1,77,86,87,-1,87,86,88,-1,87,88,89,-1,89,88,90,-1,89,90,18,-1,18,90,91,-1,18,91,19,-1,59,92,60,-1,60,92,93,-1,60,93,94,-1,94,93,95,-1,94,95,35,-1,35,95,96,-1,35,96,36,-1,14,97,12,-1,12,97,98,-1,12,98,99,-1,99,98,100,-1,99,100,101,-1,100,102,101,-1,101,102,103,-1,101,103,104,-1,104,103,105,-1,104,105,106,-1,106,105,107,-1,106,107,78,-1,78,107,108,-1,78,108,79,-1,
        ]
    }
}
Shape{
    appearance Appearance {
        material  Material 	{
            diffuseColor 0.6470588235294118 0.6196078431372549 0.5882352941176471
            specularColor 0.45098039215686275 0.43529411764705883 0.4117647058823529
            ambientIntensity 0.6242
            transparency 0.0
            shininess 0.5
        }
    }
    geometry IndexedFaceSet {
        ccw TRUE
        solid FALSE
        coord DEF co Coordinate {
            point [
                -1.3635 -0.1007 1.9685, -1.3633 -0.1022 3.5433, -1.378 0.0984 3.5433, -1.318 -0.2981 1.9685, -1.3195 -0.2986 3.5433, -1.3379 -0.2313 1.9685, -1.3632 -0.1022 1.9685, -1.2998 -0.3589 1.9685, -1.2496 -0.4822 1.9685, -1.2477 -0.4865 3.5433, -1.1479 -0.661 1.9685, -1.1492 -0.6619 3.5433, -1.1878 -0.6001 1.9685, -1.2475 -0.4864 1.9685, -1.1148 -0.7115 1.9685, -1.0314 -0.8153 1.9685, -1.0263 -0.8211 3.5433, -0.8804 -0.9595 1.9685, -0.8814 -0.9607 3.5433, -0.9384 -0.9106 1.9685, -1.026 -0.8209 1.9685, -0.8366 -0.9965 1.9685, -0.7271 -1.0721 1.9685, -0.7178 -1.0778 3.5433, -0.5383 -1.1683 1.9685, -0.5389 -1.1698 3.5433, -0.6107 -1.1368 1.9685, -0.7176 -1.0774 1.9685, -0.4886 -1.19 1.9685, -0.362 -1.2311 1.9685, -0.3485 -1.2347 3.5433, -0.1505 -1.2697 1.9685, -0.1507 -1.2713 3.5433, -0.232 -1.2599 1.9685, -0.3484 -1.2341 1.9685, -0.0998 -1.2759 1.9685, 0.0333 -1.2791 1.9685, 0.0503 -1.2786 3.5433, 0.25 -1.2551 1.9685, 0.2503 -1.2566 3.5433, 0.1661 -1.2695 1.9685, 0.0503 -1.2779 1.9685, 0.2973 -1.2471 1.9685, 0.4258 -1.2121 1.9685, 0.4449 -1.2057 3.5433, 0.6294 -1.1258 1.9685, 0.6301 -1.127 3.5433, 0.5503 -1.1649 1.9685, 0.4446 -1.205 1.9685, 0.6697 -1.1059 1.9685, 0.7828 -1.0356 1.9685, 0.8018 -1.0222 3.5433, 0.9555 -0.8926 1.9685, 0.9564 -0.8936 3.5433, 0.8886 -0.9548 1.9685, 0.8012 -1.0215 1.9685, 0.9861 -0.8641 1.9685, 1.0744 -0.7644 1.9685, 1.0906 -0.7437 3.5433, 1.2005 -0.5753 1.9685, 1.2016 -0.576 3.5433, 1.1526 -0.6567 1.9685, 1.0898 -0.7431 1.9685, 1.2201 -0.5419 1.9685, 1.2762 -0.4212 1.9685, 1.287 -0.3938 3.5433, 1.3438 -0.2009 1.9685, 1.345 -0.2012 3.5433, 1.3204 -0.2956 1.9685, 1.286 -0.3935 1.9685, 1.3523 -0.1663 1.9685, 1.3715 -0.0346 1.9685, 1.3743 -0.0022 3.5433, 1.3731 -0.0021 1.9685, 1.378 0.0984 3.5433, 1.378 0.0984 1.9685, 1.3743 0.199 3.5433, 1.3731 0.199 1.9685, 1.3715 0.2314 1.9685, 1.3523 0.3632 1.9685, 1.345 0.398 3.5433, 1.286 0.5903 1.9685, 1.287 0.5907 3.5433, 1.3204 0.4924 1.9685, 1.3438 0.3977 1.9685, 1.2762 0.618 1.9685, 1.2201 0.7388 1.9685, 1.2016 0.7728 3.5433, 1.0898 0.94 1.9685, 1.0906 0.9406 3.5433, 1.1526 0.8536 1.9685, 1.2005 0.7721 1.9685, 1.0744 0.9613 1.9685, 0.9861 1.0609 1.9685, 0.9564 1.0904 3.5433, 0.8012 1.2184 1.9685, 0.8018 1.2191 3.5433, 0.8886 1.1516 1.9685, 0.9555 1.0894 1.9685, 0.7828 1.2325 1.9685, 0.6697 1.3027 1.9685, 0.6301 1.3239 3.5433, 0.4446 1.4018 1.9685, 0.4449 1.4026 3.5433, 0.5503 1.3617 1.9685, 0.6294 1.3226 1.9685, 0.4258 1.4089 1.9685, 0.2973 1.4439 1.9685, 0.2503 1.4535 3.5433, 0.0503 1.4747 1.9685, 0.0503 1.4755 3.5433, 0.1661 1.4663 1.9685, 0.25 1.452 1.9685, 0.0333 1.476 1.9685, -0.0998 1.4728 1.9685, -0.1507 1.4681 3.5433, -0.3484 1.431 1.9685, -0.3485 1.4316 3.5433, -0.232 1.4567 1.9685, -0.1505 1.4666 1.9685, -0.362 1.428 1.9685, -0.4886 1.3868 1.9685, -0.5389 1.3666 3.5433, -0.7176 1.2742 1.9685, -0.7178 1.2746 3.5433, -0.6107 1.3337 1.9685, -0.5383 1.3652 1.9685, -0.7271 1.269 1.9685, -0.8366 1.1933 1.9685, -0.8814 1.1576 3.5433, -0.8804 1.1564 1.9685, -0.9384 1.1075 1.9685, -1.0263 1.018 3.5433, -1.026 1.0177 1.9685, -1.1492 0.8587 3.5433, -1.0314 1.0122 1.9685, -1.1148 0.9084 1.9685, -1.1479 0.8579 1.9685, -1.1878 0.797 1.9685, -1.2477 0.6833 3.5433, -1.2475 0.6832 1.9685, -1.3195 0.4954 3.5433, -1.2496 0.6791 1.9685, -1.2998 0.5558 1.9685, -1.3763 0.165 1.9685, -1.3763 0.0984 1.9685, -1.3763 0.0319 1.9685, -1.318 0.495 1.9685, -1.3379 0.4282 1.9685, -1.3633 0.2991 3.5433, -1.3632 0.299 1.9685, -1.3635 0.2975 1.9685, 0.3937 -0.5835 3.7402, 0.6872 -0.8622 3.7402, 0.5156 -0.4967 3.7402, 0.8198 -0.7519 3.7402, 0.6189 -0.3883 3.7402, 0.9348 -0.6234 3.7402, 0.6999 -0.2624 3.7402, -0.5699 -0.4449 3.7402, -0.7555 -0.8094 3.7402, -0.4567 -0.543 3.7402, -0.6153 -0.9098 3.7402, -0.3271 -0.6178 3.7402, -0.4619 -0.9886 3.7402, -0.1856 -0.6668 3.7402, -0.2987 -1.0443 3.7402, -0.0375 -0.6881 3.7402, -0.7732 -0.0506 3.7402, -1.131 -0.2418 3.7402, -0.731 -0.1942 3.7402, -1.0694 -0.4029 3.7402, -0.6624 -0.3273 3.7402, -0.985 -0.5533 3.7402, -0.8797 -0.6897 3.7402, -0.731 0.3911 3.7402, -1.131 0.4387 3.7402, -0.7732 0.2474 3.7402, -1.1685 0.2704 3.7402, -0.7874 0.0984 3.7402, -1.1811 0.0984 3.7402, -1.1685 -0.0735 3.7402, -0.1292 -1.0756 3.7402, 0.0431 -1.0819 3.7402, 0.1121 -0.681 3.7402, 0.2145 -1.063 3.7402, 0.2575 -0.6457 3.7402, 0.3814 -1.0194 3.7402, 0.54 -0.952 3.7402, 0.1121 0.8778 3.7402, 0.0431 1.2787 3.7402, -0.0375 0.8849 3.7402, -0.1292 1.2724 3.7402, -0.1856 0.8636 3.7402, -0.2987 1.2411 3.7402, -0.3271 0.8147 3.7402, -0.4619 1.1854 3.7402, -0.4567 0.7398 3.7402, 0.5156 0.6935 3.7402, 0.6872 1.059 3.7402, 0.3937 0.7803 3.7402, 0.54 1.1488 3.7402, 0.2575 0.8425 3.7402, 0.3814 1.2163 3.7402, 0.2145 1.2599 3.7402, 0.7555 0.3203 3.7402, 1.1032 0.5204 3.7402, 0.6999 0.4592 3.7402, 1.03 0.6765 3.7402, 0.6189 0.5852 3.7402, 0.9348 0.8203 3.7402, 0.8198 0.9487 3.7402, 1.03 -0.4796 3.7402, 1.1032 -0.3235 3.7402, 0.7555 -0.1234 3.7402, 1.1528 -0.1584 3.7402, 0.7838 0.0236 3.7402, 1.178 0.0122 3.7402, 0.7874 0.0984 3.7402, 1.1811 0.0984 3.7402, 0.7838 0.1733 3.7402, 1.178 0.1846 3.7402, 1.1528 0.3552 3.7402, -0.6153 1.1066 3.7402, -0.7555 1.0063 3.7402, -0.5699 0.6418 3.7402, -0.8797 0.8866 3.7402, -0.6624 0.5241 3.7402, -0.985 0.7501 3.7402, -1.0694 0.5998 3.7402, 0.7838 0.1733 4.1339, 0.7874 0.0984 4.1339, 0.7838 0.0236 4.1339, 0.7555 -0.1234 4.1339, 0.6999 -0.2624 4.1339, 0.6189 -0.3883 4.1339, 0.5156 -0.4967 4.1339, 0.3937 -0.5835 4.1339, 0.2575 -0.6457 4.1339, 0.1121 -0.681 4.1339, -0.0375 -0.6881 4.1339, -0.1856 -0.6668 4.1339, -0.3271 -0.6178 4.1339, -0.4567 -0.543 4.1339, -0.5699 -0.4449 4.1339, -0.6624 -0.3273 4.1339, -0.731 -0.1942 4.1339, -0.7732 -0.0506 4.1339, -0.7874 0.0984 4.1339, -0.7732 0.2474 4.1339, -0.731 0.3911 4.1339, -0.6624 0.5241 4.1339, -0.5699 0.6418 4.1339, -0.4567 0.7398 4.1339, -0.3271 0.8147 4.1339, -0.1856 0.8636 4.1339, -0.0375 0.8849 4.1339, 0.1121 0.8778 4.1339, 0.2575 0.8425 4.1339, 0.3937 0.7803 4.1339, 0.5156 0.6935 4.1339, 0.6189 0.5852 4.1339, 0.6999 0.4592 4.1339, 0.7555 0.3203 4.1339, 0.0 0.0984 4.1339, 1.3589 -0.1676 1.9176, 1.3782 -0.0352 1.9176, 1.3268 -0.2975 1.9176, 1.2824 -0.4237 1.9176, 1.2261 -0.5451 1.9176, 1.1582 -0.6604 1.9176, 1.0796 -0.7686 1.9176, 0.9909 -0.8688 1.9176, 0.8929 -0.9599 1.9176, 0.7866 -1.0411 1.9176, 0.6729 -1.1117 1.9176, 0.553 -1.171 1.9176, 0.4279 -1.2185 1.9176, 0.2988 -1.2536 1.9176, 0.1669 -1.2761 1.9176, 0.0335 -1.2858 1.9176, -0.1003 -1.2826 1.9176, -0.2331 -1.2665 1.9176, -0.3638 -1.2376 1.9176, -0.491 -1.1963 1.9176, -0.6137 -1.1428 1.9176, -0.7306 -1.0778 1.9176, -0.8407 -1.0018 1.9176, -0.943 -0.9155 1.9176, -1.0364 -0.8198 1.9176, -1.1202 -0.7155 1.9176, -1.1935 -0.6035 1.9176, -1.2557 -0.4851 1.9176, -1.3062 -0.3612 1.9176, -1.3444 -0.2329 1.9176, -1.3701 -0.1016 1.9176, -1.383 0.0315 1.9176, -1.383 0.1653 1.9176, -1.3701 0.2985 1.9176, -1.3444 0.4298 1.9176, -1.3062 0.558 1.9176, -1.2557 0.6819 1.9176, -1.1935 0.8004 1.9176, -1.1202 0.9123 1.9176, -1.0364 1.0166 1.9176, -0.943 1.1124 1.9176, -0.8407 1.1986 1.9176, -0.7306 1.2746 1.9176, -0.6137 1.3397 1.9176, -0.491 1.3931 1.9176, -0.3638 1.4345 1.9176, -0.2331 1.4633 1.9176, -0.1003 1.4794 1.9176, 0.0335 1.4827 1.9176, 0.1669 1.473 1.9176, 0.2988 1.4505 1.9176, 0.4279 1.4153 1.9176, 0.553 1.3679 1.9176, 0.6729 1.3086 1.9176, 0.7866 1.238 1.9176, 0.8929 1.1567 1.9176, 0.9909 1.0656 1.9176, 1.0796 0.9655 1.9176, 1.1582 0.8572 1.9176, 1.2261 0.7419 1.9176, 1.2824 0.6206 1.9176, 1.3268 0.4944 1.9176, 1.3589 0.3645 1.9176, 1.3782 0.2321 1.9176, 1.3847 0.0984 1.9176, 1.3978 0.234 1.8701, 1.3782 0.3682 1.8701, 1.3457 0.5 1.8701, 1.3007 0.628 1.8701, 1.2435 0.751 1.8701, 1.1747 0.868 1.8701, 1.0949 0.9778 1.8701, 1.0049 1.0794 1.8701, 0.9056 1.1718 1.8701, 0.7977 1.2542 1.8701, 0.6825 1.3258 1.8701, 0.5608 1.3859 1.8701, 0.434 1.434 1.8701, 0.303 1.4697 1.8701, 0.1693 1.4925 1.8701, 0.0339 1.5023 1.8701, -0.1017 1.4991 1.8701, -0.2364 1.4827 1.8701, -0.3689 1.4534 1.8701, -0.498 1.4115 1.8701, -0.6224 1.3573 1.8701, -0.741 1.2914 1.8701, -0.8527 1.2143 1.8701, -0.9564 1.1268 1.8701, -1.0512 1.0297 1.8701, -1.1361 0.9239 1.8701, -1.2105 0.8104 1.8701, -1.2735 0.6902 1.8701, -1.3247 0.5645 1.8701, -1.3635 0.4345 1.8701, -1.3896 0.3013 1.8701, -1.4027 0.1663 1.8701, -1.4027 0.0306 1.8701, -1.3896 -0.1045 1.8701, -1.3635 -0.2377 1.8701, -1.3247 -0.3677 1.8701, -1.2735 -0.4934 1.8701, -1.2105 -0.6135 1.8701, -1.1361 -0.727 1.8701, -1.0512 -0.8328 1.8701, -0.9564 -0.9299 1.8701, -0.8527 -1.0174 1.8701, -0.741 -1.0945 1.8701, -0.6224 -1.1605 1.8701, -0.498 -1.2146 1.8701, -0.3689 -1.2566 1.8701, -0.2364 -1.2859 1.8701, -0.1017 -1.3022 1.8701, 0.0339 -1.3055 1.8701, 0.1693 -1.2957 1.8701, 0.303 -1.2728 1.8701, 0.434 -1.2372 1.8701, 0.5608 -1.189 1.8701, 0.6825 -1.1289 1.8701, 0.7977 -1.0573 1.8701, 0.9056 -0.9749 1.8701, 1.0049 -0.8825 1.8701, 1.0949 -0.7809 1.8701, 1.1747 -0.6712 1.8701, 1.2435 -0.5542 1.8701, 1.3007 -0.4311 1.8701, 1.3457 -0.3031 1.8701, 1.3782 -0.1714 1.8701, 1.3978 -0.0371 1.8701, 1.4043 0.0984 1.8701, 1.4289 0.237 1.8293, 1.4089 0.3742 1.8293, 1.3757 0.5089 1.8293, 1.3296 0.6398 1.8293, 1.2712 0.7656 1.8293, 1.2008 0.8852 1.8293, 1.1193 0.9974 1.8293, 1.0273 1.1012 1.8293, 0.9257 1.1957 1.8293, 0.8155 1.2799 1.8293, 0.6977 1.3531 1.8293, 0.5733 1.4146 1.8293, 0.4436 1.4638 1.8293, 0.3098 1.5002 1.8293, 0.173 1.5236 1.8293, 0.0347 1.5336 1.8293, -0.104 1.5303 1.8293, -0.2417 1.5135 1.8293, -0.3771 1.4836 1.8293, -0.5091 1.4407 1.8293, -0.6362 1.3853 1.8293, -0.7575 1.3179 1.8293, -0.8716 1.2391 1.8293, -0.9777 1.1497 1.8293, -1.0746 1.0504 1.8293, -1.1614 0.9423 1.8293, -1.2375 0.8262 1.8293, -1.3019 0.7034 1.8293, -1.3542 0.5749 1.8293, -1.3939 0.442 1.8293, -1.4205 0.3059 1.8293, -1.4339 0.1678 1.8293, -1.4339 0.0291 1.8293, -1.4205 -0.109 1.8293, -1.3939 -0.2451 1.8293, -1.3542 -0.3781 1.8293, -1.3019 -0.5065 1.8293, -1.2375 -0.6294 1.8293, -1.1614 -0.7454 1.8293, -1.0746 -0.8536 1.8293, -0.9777 -0.9528 1.8293, -0.8716 -1.0423 1.8293, -0.7575 -1.1211 1.8293, -0.6362 -1.1885 1.8293, -0.5091 -1.2439 1.8293, -0.3771 -1.2868 1.8293, -0.2417 -1.3167 1.8293, -0.104 -1.3334 1.8293, 0.0347 -1.3368 1.8293, 0.173 -1.3267 1.8293, 0.3098 -1.3034 1.8293, 0.4436 -1.2669 1.8293, 0.5733 -1.2177 1.8293, 0.6977 -1.1563 1.8293, 0.8155 -1.0831 1.8293, 0.9257 -0.9988 1.8293, 1.0273 -0.9044 1.8293, 1.1193 -0.8005 1.8293, 1.2008 -0.6883 1.8293, 1.2712 -0.5687 1.8293, 1.3296 -0.4429 1.8293, 1.3757 -0.3121 1.8293, 1.4089 -0.1774 1.8293, 1.4289 -0.0401 1.8293, 1.4356 0.0984 1.8293, 1.4695 0.2409 1.798, 1.4489 0.3821 1.798, 1.4147 0.5206 1.798, 1.3674 0.6552 1.798, 1.3073 0.7845 1.798, 1.2349 0.9075 1.798, 1.1511 1.0229 1.798, 1.0565 1.1297 1.798, 0.952 1.2268 1.798, 0.8387 1.3135 1.798, 0.7175 1.3887 1.798, 0.5896 1.452 1.798, 0.4562 1.5025 1.798, 0.3186 1.54 1.798, 0.178 1.564 1.798, 0.0357 1.5744 1.798, -0.1069 1.5709 1.798, -0.2486 1.5537 1.798, -0.3879 1.5229 1.798, -0.5235 1.4789 1.798, -0.6543 1.4219 1.798, -0.779 1.3526 1.798, -0.8964 1.2715 1.798, -1.0054 1.1795 1.798, -1.1051 1.0774 1.798, -1.1944 0.9662 1.798, -1.2726 0.8469 1.798, -1.3389 0.7206 1.798, -1.3927 0.5884 1.798, -1.4335 0.4517 1.798, -1.4609 0.3117 1.798, -1.4747 0.1698 1.798, -1.4747 0.0271 1.798, -1.4609 -0.1149 1.798, -1.4335 -0.2549 1.798, -1.3927 -0.3916 1.798, -1.3389 -0.5237 1.798, -1.2726 -0.65 1.798, -1.1944 -0.7694 1.798, -1.1051 -0.8806 1.798, -1.0054 -0.9827 1.798, -0.8964 -1.0747 1.798, -0.779 -1.1557 1.798, -0.6543 -1.225 1.798, -0.5235 -1.282 1.798, -0.3879 -1.3261 1.798, -0.2486 -1.3569 1.798, -0.1069 -1.3741 1.798, 0.0357 -1.3775 1.798, 0.178 -1.3672 1.798, 0.3186 -1.3432 1.798, 0.4562 -1.3057 1.798, 0.5896 -1.2551 1.798, 0.7175 -1.1919 1.798, 0.8387 -1.1166 1.798, 0.952 -1.03 1.798, 1.0565 -0.9328 1.798, 1.1511 -0.8261 1.798, 1.2349 -0.7106 1.798, 1.3073 -0.5877 1.798, 1.3674 -0.4583 1.798, 1.4147 -0.3237 1.798, 1.4489 -0.1852 1.798, 1.4695 -0.0441 1.798, 1.4764 0.0984 1.798, 1.5167 0.2455 1.7784, 1.4955 0.3912 1.7784, 1.4602 0.5342 1.7784, 1.4114 0.6731 1.7784, 1.3493 0.8066 1.7784, 1.2747 0.9335 1.7784, 1.1881 1.0526 1.7784, 1.0905 1.1629 1.7784, 0.9826 1.2631 1.7784, 0.8656 1.3525 1.7784, 0.7406 1.4302 1.7784, 0.6086 1.4955 1.7784, 0.4709 1.5477 1.7784, 0.3288 1.5864 1.7784, 0.1837 1.6112 1.7784, 0.0368 1.6218 1.7784, -0.1104 1.6183 1.7784, -0.2566 1.6005 1.7784, -0.4003 1.5688 1.7784, -0.5404 1.5233 1.7784, -0.6754 1.4644 1.7784, -0.804 1.3929 1.7784, -0.9252 1.3092 1.7784, -1.0378 1.2143 1.7784, -1.1406 1.1089 1.7784, -1.2328 0.9941 1.7784, -1.3135 0.871 1.7784, -1.3819 0.7406 1.7784, -1.4375 0.6042 1.7784, -1.4796 0.4631 1.7784, -1.5079 0.3186 1.7784, -1.5221 0.172 1.7784, -1.5221 0.0248 1.7784, -1.5079 -0.1218 1.7784, -1.4796 -0.2663 1.7784, -1.4375 -0.4074 1.7784, -1.3819 -0.5437 1.7784, -1.3135 -0.6741 1.7784, -1.2328 -0.7973 1.7784, -1.1406 -0.9121 1.7784, -1.0378 -1.0174 1.7784, -0.9252 -1.1124 1.7784, -0.804 -1.196 1.7784, -0.6754 -1.2676 1.7784, -0.5404 -1.3264 1.7784, -0.4003 -1.3719 1.7784, -0.2566 -1.4037 1.7784, -0.1104 -1.4214 1.7784, 0.0368 -1.425 1.7784, 0.1837 -1.4143 1.7784, 0.3288 -1.3895 1.7784, 0.4709 -1.3508 1.7784, 0.6086 -1.2986 1.7784, 0.7406 -1.2334 1.7784, 0.8656 -1.1557 1.7784, 0.9826 -1.0663 1.7784, 1.0905 -0.966 1.7784, 1.1881 -0.8558 1.7784, 1.2747 -0.7367 1.7784, 1.3493 -0.6097 1.7784, 1.4114 -0.4762 1.7784, 1.4602 -0.3373 1.7784, 1.4955 -0.1943 1.7784, 1.5167 -0.0486 1.7784, 1.5239 0.0984 1.7784, 1.5675 0.2504 1.7717, 1.5455 0.401 1.7717, 1.509 0.5487 1.7717, 1.4585 0.6923 1.7717, 1.3944 0.8303 1.7717, 1.3173 0.9614 1.7717, 1.2278 1.0845 1.7717, 1.1269 1.1984 1.7717, 1.0155 1.3021 1.7717, 0.8946 1.3945 1.7717, 0.7653 1.4748 1.7717, 0.6289 1.5422 1.7717, 0.4866 1.5962 1.7717, 0.3398 1.6361 1.7717, 0.1898 1.6617 1.7717, 0.0381 1.6728 1.7717, -0.1141 1.6691 1.7717, -0.2651 1.6507 1.7717, -0.4137 1.6179 1.7717, -0.5584 1.5709 1.7717, -0.6979 1.5101 1.7717, -0.8309 1.4362 1.7717, -0.9562 1.3497 1.7717, -1.0725 1.2516 1.7717, -1.1788 1.1427 1.7717, -1.274 1.0241 1.7717, -1.3574 0.8968 1.7717, -1.4281 0.762 1.7717, -1.4855 0.6211 1.7717, -1.529 0.4753 1.7717, -1.5583 0.326 1.7717, -1.573 0.1745 1.7717, -1.573 0.0223 1.7717, -1.5583 -0.1291 1.7717, -1.529 -0.2784 1.7717, -1.4855 -0.4243 1.7717, -1.4281 -0.5652 1.7717, -1.3574 -0.6999 1.7717, -1.274 -0.8272 1.7717, -1.1788 -0.9459 1.7717, -1.0725 -1.0548 1.7717, -0.9562 -1.1529 1.7717, -0.8309 -1.2393 1.7717, -0.6979 -1.3133 1.7717, -0.5584 -1.374 1.7717, -0.4137 -1.4211 1.7717, -0.2651 -1.4539 1.7717, -0.1141 -1.4722 1.7717, 0.0381 -1.4759 1.7717, 0.1898 -1.4649 1.7717, 0.3398 -1.4393 1.7717, 0.4866 -1.3993 1.7717, 0.6289 -1.3453 1.7717, 0.7653 -1.2779 1.7717, 0.8946 -1.1976 1.7717, 1.0155 -1.1052 1.7717, 1.1269 -1.0016 1.7717, 1.2278 -0.8877 1.7717, 1.3173 -0.7646 1.7717, 1.3944 -0.6334 1.7717, 1.4585 -0.4954 1.7717, 1.509 -0.3519 1.7717, 1.5455 -0.2041 1.7717, 1.5675 -0.0536 1.7717, 1.5748 0.0984 1.7717, 0.9555 0.7927 4.9213, 1.0229 0.689 4.9213, 1.0429 0.6529 4.1339, 0.9555 0.7927 4.1339, 0.8496 0.9189 4.1339, 0.8496 0.9189 4.9213, 0.7272 1.0291 4.1339, 0.7272 1.0291 4.9213, 0.5906 1.1213 4.1339, 0.5906 1.1213 4.9213, 0.4424 1.1935 4.1339, 0.4424 1.1935 4.9213, 0.2857 1.2444 4.1339, 0.2857 1.2444 4.9213, 0.1235 1.2731 4.1339, 0.1235 1.2731 4.9213, -0.0412 1.2788 4.1339, -0.0412 1.2788 4.9213, -0.2051 1.2616 4.1339, -0.2051 1.2616 4.9213, -0.365 1.2217 4.1339, -0.365 1.2217 4.9213, -0.5178 1.16 4.1339, -0.5178 1.16 4.9213, -0.6605 1.0776 4.1339, -0.6605 1.0776 4.9213, -0.7903 0.9762 4.1339, -0.7903 0.9762 4.9213, -0.9048 0.8576 4.1339, -0.9048 0.8576 4.9213, -1.0016 0.7243 4.1339, -1.0016 0.7243 4.9213, -1.0597 0.6201 7.2835, -1.0229 0.689 7.2835, -1.0229 0.689 4.9213, -1.079 0.5788 4.1339, -1.1811 0.0984 4.1339, -1.1696 -0.066 4.1339, -1.175 -0.0219 7.2835, -1.1353 -0.2271 4.1339, -1.1467 -0.1846 7.2835, -1.1674 -0.0656 7.2835, -1.079 -0.382 4.1339, -1.096 -0.3417 7.2835, -1.1332 -0.2264 7.2835, -1.0016 -0.5275 4.1339, -1.024 -0.4902 7.2835, -1.077 -0.381 7.2835, -0.9048 -0.6608 4.1339, -0.9319 -0.6272 7.2835, -0.9998 -0.5262 7.2835, -0.7903 -0.7793 4.1339, -0.8216 -0.75 7.2835, -0.9031 -0.6593 7.2835, -0.6605 -0.8808 4.1339, -0.6953 -0.8563 7.2835, -0.7889 -0.7776 7.2835, -0.5178 -0.9631 4.1339, -0.5554 -0.9439 7.2835, -0.6593 -0.8789 7.2835, -0.365 -1.0249 4.1339, -0.4047 -1.0112 7.2835, -0.5169 -0.9611 7.2835, -0.2051 -1.0647 4.1339, -0.246 -1.0568 7.2835, -0.3644 -1.0228 7.2835, -0.0412 -1.082 4.1339, -0.0825 -1.0798 7.2835, -0.2048 -1.0626 7.2835, 0.1235 -1.0762 4.1339, 0.0825 -1.0798 7.2835, -0.0412 -1.0798 7.2835, 0.2857 -1.0476 4.1339, 0.246 -1.0568 7.2835, 0.1232 -1.0741 7.2835, 0.4424 -0.9967 4.1339, 0.4047 -1.0112 7.2835, 0.2851 -1.0455 7.2835, 0.5906 -0.9244 4.1339, 0.5554 -0.9439 7.2835, 0.4416 -0.9947 7.2835, 0.7272 -0.8323 4.1339, 0.6953 -0.8563 7.2835, 0.5894 -0.9226 7.2835, 0.8496 -0.722 4.1339, 0.8216 -0.75 7.2835, 0.7258 -0.8307 7.2835, 0.9555 -0.5958 4.1339, 0.9319 -0.6272 7.2835, 0.848 -0.7206 7.2835, 1.0429 -0.4561 4.1339, 1.024 -0.4902 7.2835, 0.9538 -0.5946 7.2835, 1.1099 -0.3055 4.1339, 1.096 -0.3417 7.2835, 1.041 -0.4552 7.2835, 1.1553 -0.1471 4.1339, 1.1467 -0.1846 7.2835, 1.1079 -0.3049 7.2835, 1.1782 0.1808 4.1339, 1.1762 0.1806 7.2835, 1.1803 0.1431 7.2835, 1.1811 0.0984 4.1339, 1.1762 0.0161 7.2835, 1.1782 0.016 4.1339, 1.175 -0.0219 7.2835, 1.1533 -0.1468 7.2835, 1.1625 0.3072 7.2835, 1.1553 0.344 4.1339, 1.1533 0.3435 7.2835, 1.122 0.4672 7.2835, 1.1099 0.5024 4.1339, 1.108 0.5016 7.2835, 1.0597 0.6201 7.2835, 1.0423 0.6526 7.2835, 1.0229 0.689 7.2835, -1.1353 0.424 4.1339, -1.122 0.4672 7.2835, -1.0769 0.578 7.2835, -1.1696 0.2628 4.1339, -1.1625 0.3072 7.2835, -1.1331 0.4234 7.2835, -1.1788 0.0985 7.2835, -1.1803 0.1431 7.2835, -1.1673 0.2626 7.2835, 0.5208 0.689 7.6772, -0.5208 0.689 7.6772, 0.583 0.6277 7.6772, -0.583 0.6277 7.6772, 0.6511 0.5413 7.6772, 0.6213 -0.3853 7.6772, 0.6827 -0.294 7.6772, 0.7307 -0.195 7.6772, 0.7645 -0.0902 7.6772, -0.6511 0.5413 7.6772, -0.7064 0.4462 7.6772, -0.748 0.3443 7.6772, 0.3703 -0.5965 7.6772, 0.4635 -0.5381 7.6772, -0.7868 0.1282 7.6772, -0.775 0.2376 7.6772, 0.5478 -0.4672 7.6772, 0.7833 0.0182 7.6772, 0.7868 0.1282 7.6772, 0.775 0.2376 7.6772, -0.7833 0.0182 7.6772, -0.7645 -0.0902 7.6772, -0.164 -0.6717 7.6772, -0.7307 -0.195 7.6772, -0.3703 -0.5965 7.6772, -0.6213 -0.3853 7.6772, -0.4635 -0.5381 7.6772, -0.5478 -0.4672 7.6772, -0.6827 -0.294 7.6772, -0.2698 -0.6413 7.6772, -0.055 -0.6871 7.6772, 0.055 -0.6871 7.6772, 0.748 0.3443 7.6772, 0.7064 0.4462 7.6772, 0.164 -0.6717 7.6772, 0.2698 -0.6413 7.6772, 0.8682 0.689 7.4146, 0.7604 0.689 7.5018, 0.6504 0.689 7.5861, -0.8682 0.689 7.4146, -0.7604 0.689 7.5018, -0.6504 0.689 7.5861
            ]
        }
        coordIndex [
            0,1,2,-1,3,4,5,-1,5,4,1,-1,5,1,6,-1,6,1,0,-1,3,7,4,-1,4,7,8,-1,4,8,9,-1,10,11,12,-1,12,11,9,-1,12,9,13,-1,13,9,8,-1,10,14,11,-1,11,14,15,-1,11,15,16,-1,17,18,19,-1,19,18,16,-1,19,16,20,-1,20,16,15,-1,17,21,18,-1,18,21,22,-1,18,22,23,-1,24,25,26,-1,26,25,23,-1,26,23,27,-1,27,23,22,-1,24,28,25,-1,25,28,29,-1,25,29,30,-1,31,32,33,-1,33,32,30,-1,33,30,34,-1,34,30,29,-1,31,35,32,-1,32,35,36,-1,32,36,37,-1,38,39,40,-1,40,39,37,-1,40,37,41,-1,41,37,36,-1,38,42,39,-1,39,42,43,-1,39,43,44,-1,45,46,47,-1,47,46,44,-1,47,44,48,-1,48,44,43,-1,45,49,46,-1,46,49,50,-1,46,50,51,-1,52,53,54,-1,54,53,51,-1,54,51,55,-1,55,51,50,-1,52,56,53,-1,53,56,57,-1,53,57,58,-1,59,60,61,-1,61,60,58,-1,61,58,62,-1,62,58,57,-1,59,63,60,-1,60,63,64,-1,60,64,65,-1,66,67,68,-1,68,67,65,-1,68,65,69,-1,69,65,64,-1,66,70,67,-1,67,70,71,-1,67,71,72,-1,72,71,73,-1,72,73,74,-1,74,73,75,-1,74,75,76,-1,76,75,77,-1,77,78,76,-1,76,78,79,-1,76,79,80,-1,81,82,83,-1,83,82,80,-1,83,80,84,-1,84,80,79,-1,81,85,82,-1,82,85,86,-1,82,86,87,-1,88,89,90,-1,90,89,87,-1,90,87,91,-1,91,87,86,-1,88,92,89,-1,89,92,93,-1,89,93,94,-1,95,96,97,-1,97,96,94,-1,97,94,98,-1,98,94,93,-1,95,99,96,-1,96,99,100,-1,96,100,101,-1,102,103,104,-1,104,103,101,-1,104,101,105,-1,105,101,100,-1,102,106,103,-1,103,106,107,-1,103,107,108,-1,109,110,111,-1,111,110,108,-1,111,108,112,-1,112,108,107,-1,109,113,110,-1,110,113,114,-1,110,114,115,-1,116,117,118,-1,118,117,115,-1,118,115,119,-1,119,115,114,-1,116,120,117,-1,117,120,121,-1,117,121,122,-1,123,124,125,-1,125,124,122,-1,125,122,126,-1,126,122,121,-1,123,127,124,-1,124,127,128,-1,124,128,129,-1,128,130,129,-1,129,130,131,-1,129,131,132,-1,132,131,133,-1,132,133,134,-1,134,133,135,-1,134,135,136,-1,136,137,134,-1,134,137,138,-1,134,138,139,-1,139,138,140,-1,139,140,141,-1,141,140,142,-1,141,142,143,-1,144,145,2,-1,2,145,146,-1,2,146,0,-1,143,147,141,-1,141,147,148,-1,141,148,149,-1,149,148,150,-1,149,150,2,-1,2,150,151,-1,2,151,144,-1,152,153,154,-1,154,153,155,-1,154,155,156,-1,156,155,157,-1,156,157,158,-1,159,160,161,-1,161,160,162,-1,161,162,163,-1,163,162,164,-1,163,164,165,-1,165,164,166,-1,165,166,167,-1,168,169,170,-1,170,169,171,-1,170,171,172,-1,172,171,173,-1,172,173,159,-1,159,173,174,-1,159,174,160,-1,175,176,177,-1,177,176,178,-1,177,178,179,-1,179,178,180,-1,179,180,168,-1,168,180,181,-1,168,181,169,-1,166,182,167,-1,167,182,183,-1,167,183,184,-1,184,183,185,-1,184,185,186,-1,186,185,187,-1,186,187,152,-1,152,187,188,-1,152,188,153,-1,189,190,191,-1,191,190,192,-1,191,192,193,-1,193,192,194,-1,193,194,195,-1,195,194,196,-1,195,196,197,-1,198,199,200,-1,200,199,201,-1,200,201,202,-1,202,201,203,-1,202,203,189,-1,189,203,204,-1,189,204,190,-1,205,206,207,-1,207,206,208,-1,207,208,209,-1,209,208,210,-1,209,210,198,-1,198,210,211,-1,198,211,199,-1,157,212,158,-1,158,212,213,-1,158,213,214,-1,214,213,215,-1,214,215,216,-1,216,215,217,-1,216,217,218,-1,218,217,219,-1,218,219,220,-1,220,219,221,-1,220,221,205,-1,205,221,222,-1,205,222,206,-1,196,223,197,-1,197,223,224,-1,197,224,225,-1,225,224,226,-1,225,226,227,-1,227,226,228,-1,227,228,175,-1,175,228,229,-1,175,229,176,-1,230,231,218,-1,218,231,216,-1,231,232,216,-1,216,232,233,-1,216,233,214,-1,214,233,234,-1,214,234,158,-1,158,234,235,-1,158,235,156,-1,156,235,236,-1,156,236,154,-1,154,236,237,-1,154,237,152,-1,152,237,238,-1,152,238,186,-1,186,238,239,-1,186,239,184,-1,184,239,240,-1,184,240,167,-1,167,240,241,-1,167,241,165,-1,165,241,242,-1,165,242,163,-1,163,242,243,-1,163,243,161,-1,161,243,244,-1,161,244,159,-1,159,244,245,-1,159,245,172,-1,172,245,246,-1,172,246,170,-1,170,246,247,-1,170,247,168,-1,168,247,248,-1,168,248,179,-1,179,248,249,-1,179,249,177,-1,177,249,250,-1,177,250,175,-1,175,250,251,-1,175,251,227,-1,227,251,252,-1,227,252,225,-1,225,252,253,-1,225,253,197,-1,197,253,254,-1,197,254,195,-1,195,254,255,-1,195,255,193,-1,193,255,256,-1,193,256,191,-1,191,256,257,-1,191,257,189,-1,189,257,258,-1,189,258,202,-1,202,258,259,-1,202,259,200,-1,200,259,260,-1,200,260,198,-1,198,260,261,-1,198,261,209,-1,209,261,262,-1,209,262,207,-1,207,262,263,-1,207,263,205,-1,205,263,230,-1,205,230,220,-1,220,230,218,-1,231,230,264,-1,234,233,264,-1,264,233,232,-1,264,232,231,-1,237,236,264,-1,264,236,235,-1,264,235,234,-1,240,239,264,-1,264,239,238,-1,264,238,237,-1,243,242,264,-1,264,242,241,-1,264,241,240,-1,246,245,264,-1,264,245,244,-1,264,244,243,-1,249,248,264,-1,264,248,247,-1,264,247,246,-1,252,251,264,-1,264,251,250,-1,264,250,249,-1,255,254,264,-1,264,254,253,-1,264,253,252,-1,258,257,264,-1,264,257,256,-1,264,256,255,-1,261,260,264,-1,264,260,259,-1,264,259,258,-1,230,263,264,-1,264,263,262,-1,264,262,261,-1,265,266,71,-1,71,70,265,-1,265,70,66,-1,265,66,267,-1,267,66,68,-1,267,68,268,-1,68,69,268,-1,268,69,64,-1,268,64,269,-1,64,63,269,-1,269,63,59,-1,269,59,270,-1,59,61,270,-1,270,61,62,-1,270,62,271,-1,271,62,57,-1,271,57,272,-1,57,56,272,-1,272,56,52,-1,272,52,273,-1,52,54,273,-1,273,54,55,-1,273,55,274,-1,274,55,50,-1,274,50,275,-1,50,49,275,-1,275,49,45,-1,275,45,276,-1,45,47,276,-1,276,47,48,-1,276,48,277,-1,277,48,43,-1,277,43,278,-1,43,42,278,-1,278,42,38,-1,278,38,279,-1,38,40,279,-1,279,40,41,-1,279,41,280,-1,280,41,36,-1,280,36,281,-1,36,35,281,-1,281,35,31,-1,281,31,282,-1,31,33,282,-1,282,33,34,-1,282,34,283,-1,283,34,29,-1,283,29,284,-1,29,28,284,-1,284,28,24,-1,284,24,285,-1,24,26,285,-1,285,26,27,-1,285,27,286,-1,286,27,22,-1,286,22,287,-1,22,21,287,-1,287,21,17,-1,287,17,288,-1,17,19,288,-1,288,19,20,-1,288,20,289,-1,289,20,15,-1,289,15,290,-1,15,14,290,-1,290,14,10,-1,290,10,291,-1,10,12,291,-1,291,12,13,-1,291,13,292,-1,292,13,8,-1,292,8,293,-1,8,7,293,-1,293,7,3,-1,293,3,294,-1,3,5,294,-1,294,5,6,-1,294,6,295,-1,295,6,0,-1,295,0,296,-1,0,146,296,-1,296,146,145,-1,296,145,297,-1,297,145,144,-1,297,144,298,-1,144,151,298,-1,298,151,150,-1,298,150,299,-1,299,150,148,-1,299,148,300,-1,148,147,300,-1,300,147,143,-1,300,143,301,-1,143,142,301,-1,301,142,140,-1,301,140,302,-1,302,140,138,-1,302,138,303,-1,138,137,303,-1,303,137,136,-1,303,136,304,-1,136,135,304,-1,304,135,133,-1,304,133,305,-1,305,133,131,-1,305,131,306,-1,131,130,306,-1,306,130,128,-1,306,128,307,-1,128,127,307,-1,307,127,123,-1,307,123,308,-1,308,123,125,-1,308,125,309,-1,125,126,309,-1,309,126,121,-1,309,121,310,-1,121,120,310,-1,310,120,116,-1,310,116,311,-1,311,116,118,-1,311,118,312,-1,118,119,312,-1,312,119,114,-1,312,114,313,-1,114,113,313,-1,313,113,109,-1,313,109,314,-1,314,109,111,-1,314,111,315,-1,111,112,315,-1,315,112,107,-1,315,107,316,-1,107,106,316,-1,316,106,102,-1,316,102,317,-1,317,102,104,-1,317,104,318,-1,104,105,318,-1,318,105,100,-1,318,100,319,-1,100,99,319,-1,319,99,95,-1,319,95,320,-1,320,95,97,-1,320,97,321,-1,97,98,321,-1,321,98,93,-1,321,93,322,-1,93,92,322,-1,322,92,88,-1,322,88,323,-1,323,88,90,-1,323,90,324,-1,90,91,324,-1,324,91,86,-1,324,86,325,-1,86,85,325,-1,325,85,81,-1,325,81,326,-1,326,81,83,-1,326,83,327,-1,83,84,327,-1,327,84,79,-1,327,79,328,-1,79,78,328,-1,328,78,77,-1,328,77,329,-1,329,77,75,-1,329,75,266,-1,266,75,73,-1,266,73,71,-1,328,330,327,-1,327,330,331,-1,327,331,326,-1,326,331,332,-1,326,332,325,-1,325,332,333,-1,325,333,324,-1,324,333,334,-1,324,334,323,-1,323,334,335,-1,323,335,322,-1,322,335,336,-1,322,336,321,-1,321,336,337,-1,321,337,320,-1,320,337,338,-1,320,338,319,-1,319,338,339,-1,319,339,318,-1,318,339,340,-1,318,340,317,-1,317,340,341,-1,317,341,316,-1,316,341,342,-1,316,342,315,-1,315,342,343,-1,315,343,314,-1,314,343,344,-1,314,344,313,-1,313,344,345,-1,313,345,312,-1,312,345,346,-1,312,346,311,-1,311,346,347,-1,311,347,310,-1,310,347,348,-1,310,348,309,-1,309,348,349,-1,309,349,308,-1,308,349,350,-1,308,350,307,-1,307,350,351,-1,307,351,306,-1,306,351,352,-1,306,352,305,-1,305,352,353,-1,305,353,304,-1,304,353,354,-1,304,354,303,-1,303,354,355,-1,303,355,302,-1,302,355,356,-1,302,356,301,-1,301,356,357,-1,301,357,300,-1,300,357,358,-1,300,358,299,-1,299,358,359,-1,299,359,298,-1,298,359,360,-1,298,360,297,-1,297,360,361,-1,297,361,296,-1,296,361,362,-1,296,362,295,-1,295,362,363,-1,295,363,294,-1,294,363,364,-1,294,364,293,-1,293,364,365,-1,293,365,292,-1,292,365,366,-1,292,366,291,-1,291,366,367,-1,291,367,290,-1,290,367,368,-1,290,368,289,-1,289,368,369,-1,289,369,288,-1,288,369,370,-1,288,370,287,-1,287,370,371,-1,287,371,286,-1,286,371,372,-1,286,372,285,-1,285,372,373,-1,285,373,284,-1,284,373,374,-1,284,374,283,-1,283,374,375,-1,283,375,282,-1,282,375,376,-1,282,376,281,-1,281,376,377,-1,281,377,280,-1,280,377,378,-1,280,378,279,-1,279,378,379,-1,279,379,278,-1,278,379,380,-1,278,380,277,-1,277,380,381,-1,277,381,276,-1,276,381,382,-1,276,382,275,-1,275,382,383,-1,275,383,274,-1,274,383,384,-1,274,384,273,-1,273,384,385,-1,273,385,272,-1,272,385,386,-1,272,386,271,-1,271,386,387,-1,271,387,270,-1,270,387,388,-1,270,388,269,-1,269,388,389,-1,269,389,268,-1,268,389,390,-1,268,390,267,-1,267,390,391,-1,267,391,265,-1,265,391,392,-1,265,392,266,-1,266,392,393,-1,266,393,329,-1,329,393,394,-1,329,394,328,-1,328,394,330,-1,330,395,331,-1,331,395,396,-1,331,396,332,-1,332,396,397,-1,332,397,333,-1,333,397,398,-1,333,398,334,-1,334,398,399,-1,334,399,335,-1,335,399,400,-1,335,400,336,-1,336,400,401,-1,336,401,337,-1,337,401,402,-1,337,402,338,-1,338,402,403,-1,338,403,339,-1,339,403,404,-1,339,404,340,-1,340,404,405,-1,340,405,341,-1,341,405,406,-1,341,406,342,-1,342,406,407,-1,342,407,343,-1,343,407,408,-1,343,408,344,-1,344,408,409,-1,344,409,345,-1,345,409,410,-1,345,410,346,-1,346,410,411,-1,346,411,347,-1,347,411,412,-1,347,412,348,-1,348,412,413,-1,348,413,349,-1,349,413,414,-1,349,414,350,-1,350,414,415,-1,350,415,351,-1,351,415,416,-1,351,416,352,-1,352,416,417,-1,352,417,353,-1,353,417,418,-1,353,418,354,-1,354,418,419,-1,354,419,355,-1,355,419,420,-1,355,420,356,-1,356,420,421,-1,356,421,357,-1,357,421,422,-1,357,422,358,-1,358,422,423,-1,358,423,359,-1,359,423,424,-1,359,424,360,-1,360,424,425,-1,360,425,361,-1,361,425,426,-1,361,426,362,-1,362,426,427,-1,362,427,363,-1,363,427,428,-1,363,428,364,-1,364,428,429,-1,364,429,365,-1,365,429,430,-1,365,430,366,-1,366,430,431,-1,366,431,367,-1,367,431,432,-1,367,432,368,-1,368,432,433,-1,368,433,369,-1,369,433,434,-1,369,434,370,-1,370,434,435,-1,370,435,371,-1,371,435,436,-1,371,436,372,-1,372,436,437,-1,372,437,373,-1,373,437,438,-1,373,438,374,-1,374,438,439,-1,374,439,375,-1,375,439,440,-1,375,440,376,-1,376,440,441,-1,376,441,377,-1,377,441,442,-1,377,442,378,-1,378,442,443,-1,378,443,379,-1,379,443,444,-1,379,444,380,-1,380,444,445,-1,380,445,381,-1,381,445,446,-1,381,446,382,-1,382,446,447,-1,382,447,383,-1,383,447,448,-1,383,448,384,-1,384,448,449,-1,384,449,385,-1,385,449,450,-1,385,450,386,-1,386,450,451,-1,386,451,387,-1,387,451,452,-1,387,452,388,-1,388,452,453,-1,388,453,389,-1,389,453,454,-1,389,454,390,-1,390,454,455,-1,390,455,391,-1,391,455,456,-1,391,456,392,-1,392,456,457,-1,392,457,393,-1,393,457,458,-1,393,458,394,-1,394,458,459,-1,394,459,330,-1,330,459,395,-1,395,460,396,-1,396,460,461,-1,396,461,397,-1,397,461,462,-1,397,462,398,-1,398,462,463,-1,398,463,399,-1,399,463,464,-1,399,464,400,-1,400,464,465,-1,400,465,401,-1,401,465,466,-1,401,466,402,-1,402,466,467,-1,402,467,403,-1,403,467,468,-1,403,468,404,-1,404,468,469,-1,404,469,405,-1,405,469,470,-1,405,470,406,-1,406,470,471,-1,406,471,407,-1,407,471,472,-1,407,472,408,-1,408,472,473,-1,408,473,409,-1,409,473,474,-1,409,474,410,-1,410,474,475,-1,410,475,411,-1,411,475,476,-1,411,476,412,-1,412,476,477,-1,412,477,413,-1,413,477,478,-1,413,478,414,-1,414,478,479,-1,414,479,415,-1,415,479,480,-1,415,480,416,-1,416,480,481,-1,416,481,417,-1,417,481,482,-1,417,482,418,-1,418,482,483,-1,418,483,419,-1,419,483,484,-1,419,484,420,-1,420,484,485,-1,420,485,421,-1,421,485,486,-1,421,486,422,-1,422,486,487,-1,422,487,423,-1,423,487,488,-1,423,488,424,-1,424,488,489,-1,424,489,425,-1,425,489,490,-1,425,490,426,-1,426,490,491,-1,426,491,427,-1,427,491,492,-1,427,492,428,-1,428,492,493,-1,428,493,429,-1,429,493,494,-1,429,494,430,-1,430,494,495,-1,430,495,431,-1,431,495,496,-1,431,496,432,-1,432,496,497,-1,432,497,433,-1,433,497,498,-1,433,498,434,-1,434,498,499,-1,434,499,435,-1,435,499,500,-1,435,500,436,-1,436,500,501,-1,436,501,437,-1,437,501,502,-1,437,502,438,-1,438,502,503,-1,438,503,439,-1,439,503,504,-1,439,504,440,-1,440,504,505,-1,440,505,441,-1,441,505,506,-1,441,506,442,-1,442,506,507,-1,442,507,443,-1,443,507,508,-1,443,508,444,-1,444,508,509,-1,444,509,445,-1,445,509,510,-1,445,510,446,-1,446,510,511,-1,446,511,447,-1,447,511,512,-1,447,512,448,-1,448,512,513,-1,448,513,449,-1,449,513,514,-1,449,514,450,-1,450,514,515,-1,450,515,451,-1,451,515,516,-1,451,516,452,-1,452,516,517,-1,452,517,453,-1,453,517,518,-1,453,518,454,-1,454,518,519,-1,454,519,455,-1,455,519,520,-1,455,520,456,-1,456,520,521,-1,456,521,457,-1,457,521,522,-1,457,522,458,-1,458,522,523,-1,458,523,459,-1,459,523,524,-1,459,524,395,-1,395,524,460,-1,460,525,461,-1,461,525,526,-1,461,526,462,-1,462,526,527,-1,462,527,463,-1,463,527,528,-1,463,528,464,-1,464,528,529,-1,464,529,465,-1,465,529,530,-1,465,530,466,-1,466,530,531,-1,466,531,467,-1,467,531,532,-1,467,532,468,-1,468,532,533,-1,468,533,469,-1,469,533,534,-1,469,534,470,-1,470,534,535,-1,470,535,471,-1,471,535,536,-1,471,536,472,-1,472,536,537,-1,472,537,473,-1,473,537,538,-1,473,538,474,-1,474,538,539,-1,474,539,475,-1,475,539,540,-1,475,540,476,-1,476,540,541,-1,476,541,477,-1,477,541,542,-1,477,542,478,-1,478,542,543,-1,478,543,479,-1,479,543,544,-1,479,544,480,-1,480,544,545,-1,480,545,481,-1,481,545,546,-1,481,546,482,-1,482,546,547,-1,482,547,483,-1,483,547,548,-1,483,548,484,-1,484,548,549,-1,484,549,485,-1,485,549,550,-1,485,550,486,-1,486,550,551,-1,486,551,487,-1,487,551,552,-1,487,552,488,-1,488,552,553,-1,488,553,489,-1,489,553,554,-1,489,554,490,-1,490,554,555,-1,490,555,491,-1,491,555,556,-1,491,556,492,-1,492,556,557,-1,492,557,493,-1,493,557,558,-1,493,558,494,-1,494,558,559,-1,494,559,495,-1,495,559,560,-1,495,560,496,-1,496,560,561,-1,496,561,497,-1,497,561,562,-1,497,562,498,-1,498,562,563,-1,498,563,499,-1,499,563,564,-1,499,564,500,-1,500,564,565,-1,500,565,501,-1,501,565,566,-1,501,566,502,-1,502,566,567,-1,502,567,503,-1,503,567,568,-1,503,568,504,-1,504,568,569,-1,504,569,505,-1,505,569,570,-1,505,570,506,-1,506,570,571,-1,506,571,507,-1,507,571,572,-1,507,572,508,-1,508,572,573,-1,508,573,509,-1,509,573,574,-1,509,574,510,-1,510,574,575,-1,510,575,511,-1,511,575,576,-1,511,576,512,-1,512,576,577,-1,512,577,513,-1,513,577,578,-1,513,578,514,-1,514,578,579,-1,514,579,515,-1,515,579,580,-1,515,580,516,-1,516,580,581,-1,516,581,517,-1,517,581,582,-1,517,582,518,-1,518,582,583,-1,518,583,519,-1,519,583,584,-1,519,584,520,-1,520,584,585,-1,520,585,521,-1,521,585,586,-1,521,586,522,-1,522,586,587,-1,522,587,523,-1,523,587,588,-1,523,588,524,-1,524,588,589,-1,524,589,460,-1,460,589,525,-1,525,590,526,-1,526,590,591,-1,526,591,527,-1,527,591,592,-1,527,592,528,-1,528,592,593,-1,528,593,529,-1,529,593,594,-1,529,594,530,-1,530,594,595,-1,530,595,531,-1,531,595,596,-1,531,596,532,-1,532,596,597,-1,532,597,533,-1,533,597,598,-1,533,598,534,-1,534,598,599,-1,534,599,535,-1,535,599,600,-1,535,600,536,-1,536,600,601,-1,536,601,537,-1,537,601,602,-1,537,602,538,-1,538,602,603,-1,538,603,539,-1,539,603,604,-1,539,604,540,-1,540,604,605,-1,540,605,541,-1,541,605,606,-1,541,606,542,-1,542,606,607,-1,542,607,543,-1,543,607,608,-1,543,608,544,-1,544,608,609,-1,544,609,545,-1,545,609,610,-1,545,610,546,-1,546,610,611,-1,546,611,547,-1,547,611,612,-1,547,612,548,-1,548,612,613,-1,548,613,549,-1,549,613,614,-1,549,614,550,-1,550,614,615,-1,550,615,551,-1,551,615,616,-1,551,616,552,-1,552,616,617,-1,552,617,553,-1,553,617,618,-1,553,618,554,-1,554,618,619,-1,554,619,555,-1,555,619,620,-1,555,620,556,-1,556,620,621,-1,556,621,557,-1,557,621,622,-1,557,622,558,-1,558,622,623,-1,558,623,559,-1,559,623,624,-1,559,624,560,-1,560,624,625,-1,560,625,561,-1,561,625,626,-1,561,626,562,-1,562,626,627,-1,562,627,563,-1,563,627,628,-1,563,628,564,-1,564,628,629,-1,564,629,565,-1,565,629,630,-1,565,630,566,-1,566,630,631,-1,566,631,567,-1,567,631,632,-1,567,632,568,-1,568,632,633,-1,568,633,569,-1,569,633,634,-1,569,634,570,-1,570,634,635,-1,570,635,571,-1,571,635,636,-1,571,636,572,-1,572,636,637,-1,572,637,573,-1,573,637,638,-1,573,638,574,-1,574,638,639,-1,574,639,575,-1,575,639,640,-1,575,640,576,-1,576,640,641,-1,576,641,577,-1,577,641,642,-1,577,642,578,-1,578,642,643,-1,578,643,579,-1,579,643,644,-1,579,644,580,-1,580,644,645,-1,580,645,581,-1,581,645,646,-1,581,646,582,-1,582,646,647,-1,582,647,583,-1,583,647,648,-1,583,648,584,-1,584,648,649,-1,584,649,585,-1,585,649,650,-1,585,650,586,-1,586,650,651,-1,586,651,587,-1,587,651,652,-1,587,652,588,-1,588,652,653,-1,588,653,589,-1,589,653,654,-1,589,654,525,-1,525,654,590,-1,221,219,74,-1,74,219,72,-1,219,217,72,-1,72,217,215,-1,72,215,67,-1,67,215,213,-1,67,213,65,-1,65,213,212,-1,65,212,60,-1,60,212,157,-1,60,157,58,-1,58,157,155,-1,58,155,53,-1,53,155,153,-1,53,153,51,-1,51,153,188,-1,51,188,46,-1,46,188,187,-1,46,187,44,-1,44,187,185,-1,44,185,39,-1,39,185,183,-1,39,183,37,-1,37,183,182,-1,37,182,32,-1,32,182,166,-1,32,166,30,-1,30,166,164,-1,30,164,25,-1,25,164,162,-1,25,162,23,-1,23,162,160,-1,23,160,18,-1,18,160,174,-1,18,174,16,-1,16,174,173,-1,16,173,11,-1,11,173,171,-1,11,171,9,-1,9,171,169,-1,9,169,4,-1,4,169,181,-1,4,181,1,-1,1,181,180,-1,1,180,2,-1,2,180,178,-1,2,178,149,-1,149,178,176,-1,149,176,141,-1,141,176,229,-1,141,229,139,-1,139,229,228,-1,139,228,134,-1,134,228,226,-1,134,226,132,-1,132,226,224,-1,132,224,129,-1,129,224,223,-1,129,223,124,-1,124,223,196,-1,124,196,122,-1,122,196,194,-1,122,194,117,-1,117,194,192,-1,117,192,115,-1,115,192,190,-1,115,190,110,-1,110,190,204,-1,110,204,108,-1,108,204,203,-1,108,203,103,-1,103,203,201,-1,103,201,101,-1,101,201,199,-1,101,199,96,-1,96,199,211,-1,96,211,94,-1,94,211,210,-1,94,210,89,-1,89,210,208,-1,89,208,87,-1,87,208,206,-1,87,206,82,-1,82,206,222,-1,82,222,80,-1,80,222,221,-1,80,221,76,-1,76,221,74,-1,655,656,657,-1,657,658,655,-1,655,658,659,-1,655,659,660,-1,660,659,661,-1,660,661,662,-1,662,661,663,-1,662,663,664,-1,664,663,665,-1,664,665,666,-1,666,665,667,-1,666,667,668,-1,668,667,669,-1,668,669,670,-1,670,669,671,-1,670,671,672,-1,672,671,673,-1,672,673,674,-1,674,673,675,-1,674,675,676,-1,676,675,677,-1,676,677,678,-1,678,677,679,-1,678,679,680,-1,680,679,681,-1,680,681,682,-1,682,681,683,-1,682,683,684,-1,684,683,685,-1,684,685,686,-1,687,688,689,-1,686,685,689,-1,689,685,690,-1,689,690,687,-1,691,692,693,-1,694,695,692,-1,692,695,696,-1,692,696,693,-1,697,698,694,-1,694,698,699,-1,694,699,695,-1,700,701,697,-1,697,701,702,-1,697,702,698,-1,703,704,700,-1,700,704,705,-1,700,705,701,-1,706,707,703,-1,703,707,708,-1,703,708,704,-1,709,710,706,-1,706,710,711,-1,706,711,707,-1,712,713,709,-1,709,713,714,-1,709,714,710,-1,715,716,712,-1,712,716,717,-1,712,717,713,-1,718,719,715,-1,715,719,720,-1,715,720,716,-1,721,722,718,-1,718,722,723,-1,718,723,719,-1,724,725,721,-1,721,725,726,-1,721,726,722,-1,727,728,724,-1,724,728,729,-1,724,729,725,-1,730,731,727,-1,727,731,732,-1,727,732,728,-1,733,734,730,-1,730,734,735,-1,730,735,731,-1,736,737,733,-1,733,737,738,-1,733,738,734,-1,739,740,736,-1,736,740,741,-1,736,741,737,-1,742,743,739,-1,739,743,744,-1,739,744,740,-1,745,746,742,-1,742,746,747,-1,742,747,743,-1,748,749,745,-1,745,749,750,-1,745,750,746,-1,751,752,748,-1,748,752,753,-1,748,753,749,-1,754,755,756,-1,754,756,757,-1,757,756,758,-1,757,758,759,-1,759,758,760,-1,759,760,751,-1,751,760,761,-1,751,761,752,-1,755,754,762,-1,762,754,763,-1,762,763,764,-1,764,763,765,-1,765,763,766,-1,765,766,767,-1,767,766,768,-1,768,766,657,-1,768,657,769,-1,769,657,656,-1,769,656,770,-1,771,772,690,-1,690,772,773,-1,690,773,687,-1,774,775,771,-1,771,775,776,-1,771,776,772,-1,693,777,691,-1,691,777,778,-1,691,778,774,-1,774,778,779,-1,774,779,775,-1,780,781,782,-1,782,781,783,-1,782,783,784,-1,785,786,783,-1,783,786,787,-1,783,787,788,-1,783,789,785,-1,785,789,790,-1,785,790,791,-1,792,793,794,-1,791,795,785,-1,785,795,794,-1,785,794,796,-1,796,794,793,-1,788,797,783,-1,783,797,798,-1,783,798,799,-1,800,801,802,-1,802,801,803,-1,804,805,806,-1,806,805,807,-1,803,808,802,-1,802,808,805,-1,802,805,809,-1,809,805,804,-1,800,802,794,-1,794,802,810,-1,794,810,811,-1,799,812,783,-1,783,812,813,-1,783,813,784,-1,811,814,794,-1,794,814,815,-1,794,815,792,-1,757,759,264,-1,766,763,264,-1,264,763,754,-1,264,754,757,-1,659,658,264,-1,264,658,657,-1,264,657,766,-1,665,663,264,-1,264,663,661,-1,264,661,659,-1,671,669,264,-1,264,669,667,-1,264,667,665,-1,677,675,264,-1,264,675,673,-1,264,673,671,-1,683,681,264,-1,264,681,679,-1,264,679,677,-1,771,690,264,-1,264,690,685,-1,264,685,683,-1,692,691,264,-1,264,691,774,-1,264,774,771,-1,700,697,264,-1,264,697,694,-1,264,694,692,-1,709,706,264,-1,264,706,703,-1,264,703,700,-1,718,715,264,-1,264,715,712,-1,264,712,709,-1,727,724,264,-1,264,724,721,-1,264,721,718,-1,736,733,264,-1,264,733,730,-1,264,730,727,-1,745,742,264,-1,264,742,739,-1,264,739,736,-1,759,751,264,-1,264,751,748,-1,264,748,745,-1,689,656,686,-1,686,656,655,-1,655,660,686,-1,686,660,662,-1,686,662,664,-1,664,666,686,-1,686,666,668,-1,686,668,670,-1,682,674,680,-1,680,674,676,-1,680,676,678,-1,670,672,686,-1,686,672,674,-1,686,674,684,-1,684,674,682,-1,770,656,816,-1,816,656,689,-1,816,689,817,-1,817,689,818,-1,688,819,689,-1,689,819,820,-1,689,820,821,-1,821,781,689,-1,689,781,780,-1,689,780,818,-1,819,688,687,-1,769,770,813,-1,813,770,816,-1,813,816,784,-1,784,816,817,-1,784,817,782,-1,782,817,818,-1,782,818,780,-1,820,789,821,-1,821,789,783,-1,821,783,781,-1,820,819,789,-1,789,819,687,-1,789,687,790,-1,790,687,773,-1,790,773,791,-1,773,772,791,-1,791,772,776,-1,791,776,795,-1,776,775,795,-1,795,775,779,-1,795,779,794,-1,779,778,794,-1,794,778,777,-1,794,777,800,-1,777,693,800,-1,800,693,696,-1,800,696,801,-1,696,695,801,-1,801,695,699,-1,801,699,803,-1,699,698,803,-1,803,698,702,-1,803,702,808,-1,702,701,808,-1,808,701,705,-1,808,705,805,-1,705,704,805,-1,805,704,708,-1,805,708,807,-1,708,707,807,-1,807,707,711,-1,807,711,806,-1,711,710,806,-1,806,710,714,-1,806,714,804,-1,714,713,804,-1,804,713,717,-1,804,717,809,-1,717,716,809,-1,809,716,720,-1,809,720,802,-1,720,719,802,-1,802,719,723,-1,802,723,810,-1,723,722,810,-1,810,722,726,-1,810,726,811,-1,726,725,811,-1,811,725,729,-1,811,729,814,-1,729,728,814,-1,814,728,732,-1,814,732,815,-1,732,731,815,-1,815,731,735,-1,815,735,792,-1,735,734,792,-1,792,734,738,-1,792,738,793,-1,738,737,793,-1,793,737,741,-1,793,741,796,-1,741,740,796,-1,796,740,744,-1,796,744,785,-1,744,743,785,-1,785,743,747,-1,785,747,786,-1,747,746,786,-1,786,746,750,-1,786,750,787,-1,750,749,787,-1,787,749,753,-1,787,753,788,-1,753,752,788,-1,788,752,761,-1,788,761,797,-1,761,760,797,-1,797,760,758,-1,797,758,798,-1,758,756,798,-1,798,756,755,-1,798,755,799,-1,755,762,799,-1,799,762,764,-1,799,764,812,-1,764,765,812,-1,812,765,767,-1,812,767,813,-1,813,767,768,-1,813,768,769,-1,
        ]
    }
}